id,imdb_id,title_orig,title_pt,year,country,director,duration,genres,poster_path,overview,era,streaming,streaming_checked_at
7345,tt0469494,There Will Be Blood,Sangue Negro,2007,EUA,Paul Thomas Anderson,158,Drama,/fa0RDkAlCec0STeMNAhPaF89q6U.jpg,"Daniel Plainview e seu filho são caçadores de petróleo, que perfuram poços na Califórnia no início do século XX. Eles são desafiados por um jovem pastor, Eli Sunday, cuja ambição pessoal é confrontada por Plainview. A luta entre os dois é o centro dessa conflitante, trágica e histórica jornada ao abismo da loucura causada pela corrupção, fraude e petróleo.",XXI,Paramount+,2026-07-31
843,tt0118694,In the Mood for Love,Amor à Flor da Pele,2000,Hong Kong,Wong Kar-wai,98,Drama; Romance,/iYypPT4bhqXfq1b6EnmxvRt6b2Y.jpg,"Ambientado em Hong Kong no início dos anos 60, dois vizinhos, Sr. Chow e Sra. Chan, criam um vínculo depois de começarem a suspeitar que seus respectivos cônjuges estão tendo um caso juntos.",XXI,MUBI,2026-07-31
1018,tt0166924,Mulholland Dr.,Cidade dos Sonhos,2001,EUA / França,David Lynch,147,Thriller; Drama; Mistério,/x7A59t6ySylr1L7aubOQEA480vM.jpg,"Uma jovem atriz viaja para Hollywood e se vê emaranhada numa intriga secreta com uma mulher que escapou por pouco de ser assassinada, e que agora se encontra com amnésia devido a um acidente de carro. Seu mundo se torna um pesadelo surreal.",XXI,Claro tv+,2026-07-31
376867,tt4975722,Moonlight,Moonlight: Sob a Luz do Luar,2016,EUA,Barry Jenkins,111,Drama,/qLnfEmPrDjJfPyyddLJPkXmshkp.jpg,"Moonlight narra a vida de um jovem gay afro-americano, desde a infância até a vida adulta e sua luta para encontrar seu lugar no mundo enquanto cresce num bairro violento de Miami. Ao mesmo tempo um retrato essencial da vida contemporânea do afro-americano e uma reflexão intensa, pessoal e poética sobre identidade, família e amizade. A direção de Barry Jenkins traz sua visão única e profundamente comovente sobre o caleidoscópio de momentos, pessoas e forças desconhecidas que determinam nossas vidas e nos fazem ser quem somos.",XXI,Prime Video; Diamond Films,2026-07-31
85350,tt1065073,Boyhood,Boyhood: Da Infância à Juventude,2014,EUA,Richard Linklater,165,Drama,/2BvtvDUyxiMJ4dmKfiQf4qdOHQN.jpg,"Acompanhe a vida do garoto Mason durante um período de doze anos, da infância à juventude, analisando seu relacionamento com os pais, suas descobertas, experiências e seus conflitos.",XXI,Telecine,2026-07-31
129,tt0245429,Spirited Away,A Viagem de Chihiro,2001,Japão,Hayao Miyazaki,125,Animação; Família; Fantasia,/39wmItIWsg5sZMyRUHLkWBcuVCM.jpg,"Chihiro e seus pais estão se mudando para uma cidade diferente. A caminho da nova casa, o pai decide pegar um atalho. Eles se deparam com uma mesa repleta de comida, embora ninguém esteja por perto. Chihiro sente o perigo, mas seus pais começam a comer. Quando anoitece, eles se transformam em porcos. Agora, apenas Chihiro pode salvá-los.",XXI,Netflix,2026-07-31
419430,tt5052448,Get Out,Corra!,2017,EUA,Jordan Peele,104,Mistério; Thriller; Terror,/tFXcEccSQMf3lfhfXKSU9iRBpa3.jpg,"Agora que Chris e sua namorada, Rose, chegaram à fase de conhecer os pais no namoro, ela o convida para um fim de semana no interior com Missy e Dean. A princípio, Chris acha que o comportamento excessivamente agradável dos dois como tentativas nervosas de lidar com o relacionamento inter-racial da filha, mas, conforme o fim de semana avança, uma série de descobertas cada vez mais perturbadoras o levam a uma verdade que ele jamais poderia ter imaginado.",XXI,Claro tv+; Telecine,2026-07-31
120467,tt2278388,The Grand Budapest Hotel,O Grande Hotel Budapeste,2014,EUA / Alemanha,Wes Anderson,99,Comédia; Drama,/eWdyYQreja6JGCzqHWXpWHDrrPo.jpg,"No período entre as duas guerras mundiais, o famoso gerente de um hotel europeu conhece um jovem empregado e os dois tornam-se melhores amigos. Entre as aventuras vividas pelos dois, constam o roubo de um famoso quadro do Renascimento, a batalha pela grande fortuna de uma família e as transformações históricas durante a primeira metade do século XX.",XXI,Netflix; Disney+,2026-07-31
76203,tt2024544,12 Years a Slave,12 Anos de Escravidão,2013,EUA / Reino Unido,Steve McQueen,134,Drama; História,/xdANQijuNrJaw1HA61rDccME4Tm.jpg,"1841, Solomon Northup é um escravo liberto, que vive em paz ao lado da esposa e filhos. Um dia, após aceitar um trabalho que o leva a outra cidade, ele é sequestrado e acorrentado. Vendido como se fosse um escravo, Solomon precisa superar humilhações físicas e emocionais para sobreviver. Ao longo de doze anos ele passa por dois senhores, Ford e Edwin Epps, que, cada um à sua maneira, exploram seus serviços.",XXI,Prime Video; Paramount+; MUBI; Telecine,2026-07-31
9428,tt0265666,The Royal Tenenbaums,Os Excêntricos Tenenbaums,2001,EUA,Wes Anderson,110,Comédia; Drama,/nG7hZJn7wQTSDCQT39Gy3s3tbrp.jpg,"Royal e sua esposa Etheline tiveram três filhos muito diferentes entre si, mas igualmente bem-sucedidos. Quando Etheline resolve se casar com outro, o irresponsável e excêntrico Royal resolve lutar por seu amor reunindo toda a família.",XXI,Netflix; Disney+,2026-07-31
12573,tt1019452,A Serious Man,Um Homem Sério,2009,EUA / Reino Unido,Joel & Ethan Coen,106,Comédia; Drama,/5gGxDS8WmrebPlMHexVS8EVehiP.jpg,Uma esposa adúltera e um irmão problemático se encontram em crises que levam um professor universitário de 60 anos a procurar conselhos de três rabinos diferentes.,XXI,,2026-07-31
106646,tt0993846,The Wolf of Wall Street,O Lobo de Wall Street,2013,EUA,Martin Scorsese,180,Crime; Drama; Comédia,/kW9LmvYHAaS9iA0tHmZVq8hQYoq.jpg,"Durante seis meses, Jordan Belfort trabalhou duro em uma corretora de Wall Street, seguindo os ensinamentos de seu mentor Mark Hanna. Quando finalmente consegue ser contratado como corretor da firma, acontece o Black Monday, que faz com que as bolsas de vários países caiam repentinamente. Sem emprego e bastante ambicioso, ele acaba trabalhando para uma empresa de fundo de quintal que lida com papéis de baixo valor, que não estão na bolsa de valores. É lá que Belfort tem a idéia de montar uma empresa focada neste tipo de negócio, cujas vendas são de valores mais baixos mas, em compensação, o retorno para o corretor é bem mais vantajoso. Ao lado de Donnie e outros amigos dos velhos tempos, ele cria a Stratton Oakmont, uma empresa que faz com que todos enriqueçam rapidamente e, também, levem uma vida dedicada ao prazer.",XXI,Claro tv+; Diamond Films,2026-07-31
37799,tt1285016,The Social Network,A Rede Social,2010,EUA,David Fincher,120,Drama,/n0ybibhJtQ5icDqTp8eRytcIHJx.jpg,"Em uma noite de outono, Mark Zuckerberg, um brilhante estudante de Harvard, começa a trabalhar em um novo conceito que acaba se transformando em uma rede social global conhecida como Facebook. Seis anos e 500 milhões de amigos mais tarde, Zuckerberg se torna o mais jovem bilionário da história com o sucesso de sua rede social. No entanto, a sua ascensão sem precedentes traz complicações legais e pessoais.",XXI,Max,2026-07-31
25538,tt0244316,Yi Yi (A One and a Two),As Coisas Simples da Vida,2000,Taiwan,Edward Yang,173,Drama,/mR8dSQZI8X6Z1NClJhFrtJp636z.jpg,"NJ Jian mora com sua esposa, seus dois filhos e a sogra já idosa, formando uma típica família de classe média. NJ é sócio de uma bem-sucedida empresa de computação, mas, se não buscar novos rumos, em breve irá à falência. Para tanto, ele busca fazer uma parceria com Ota, um inovador designer de jogos de computação no Japão, que pode dar o novo toque que sua empresa precisa. Mas as coisas começam a dar errado para os Jian quando a integrante mais velha da família sofre um derrame e entra num coma o qual poderá nunca mais acordar. Neste meio termo, NJ ainda reencontra Sherry, seu primeiro amor de infância, que reaparece em sua vida, agora casada com um americano.",XXI,,2026-07-31
426426,tt6155172,Roma,Roma,2018,México,Alfonso Cuarón,135,Drama,/dtIIyQyALk57ko5bjac7hi01YQ.jpg,"Na década de 1970, uma jovem trabalhadora doméstica indígena Cleodegaria ""Cleo"" Gutiérrez trabalha para uma família abastada de classe média do bairro de Roma, Cidade do México. À medida que as lutas domésticas e as restrições da hierarquia social se desdobram em meio a um pano de fundo de poderosos terremotos, revoltas estudantis e agitação política, a família luta para permanecer unida enquanto essas forças ameaçam separá-los.",XXI,Netflix,2026-07-31
146,tt0190332,"Crouching Tiger, Hidden Dragon",O Tigre e o Dragão,2000,Taiwan / Hong Kong / EUA / China,Ang Lee,120,Aventura; Drama; Ação; Romance,/iNDVBFNz4XyYzM9Lwip6atSTFqf.jpg,"Na dinastia chinesa Qing do século 19, um guerreiro entrega sua espada à amante para que a leve a um lugar seguro, mas a arma é roubada, e assim começa uma grande perseguição para encontrá-la.",XXI,Netflix,2026-07-31
60243,tt1832382,A Separation,A Separação,2011,Irã,Asghar Farhadi,123,Drama,/xQadpnoLokxzN3hRpCPbBGpxsiz.jpg,"Simin deseja mudar-se para garantir um futuro melhor para a família, mas seu marido Nader não quer por causa do pai doente. Ela entra com um pedido de separação e Nader contrata Razieh para cuidar de seu pai enquanto trabalha. Certo dia ao voltar para casa encontra o pai sozinho, desmaiado e amarrado à cama; Razieh aparece e os dois discutem, na sequência Nader empurra a mulher e dias depois, é notificado que Razieh estava grávida e teria perdido o bebê. Os dois terão que resolver a situação na justiça, e tem pontos de vista muito diferentes do que aconteceu durante a briga.",XXI,Reserva Imovision,2026-07-31
97370,tt1441395,Under the Skin,Sob a Pele,2014,Reino Unido,Jonathan Glazer,108,Thriller; Ficção científica; Drama,/55wmcXJIDYITr7JDijJTdvwSaAv.jpg,Uma bela mulher de cabelos negros e lábios vermelhos seduz os homens solitários que encontra em seu caminho. Ninguém imagina que sob sua pele se esconde uma perigosa alienígena que pode acabar com vidas para cumprir os desejos da sua espécie.,XXI,Diamond Films,2026-07-31
496,tt0443453,Borat,Borat: O Segundo Melhor Repórter do Glorioso País Cazaquistão Viaja à América,2006,EUA / Reino Unido,Larry Charles,84,Comédia,/7g9kBHMN2KTr5KUf8aen187Mdn.jpg,"Um famoso repórter do Cazaquistão viaja aos Estados Unidos para fazer um documentário sobre os hábitos dos cidadãos norte-americanos, provocando situações absurdas por onde passa.",XXI,Disney+,2026-07-31
142,tt0388795,Brokeback Mountain,O Segredo de Brokeback Mountain,2005,EUA,Ang Lee,134,Drama; Romance,/aByfQOQBNa4CMFwIgq3QrqY2ZHh.jpg,"Um conto de amor sobre o relacionamento de dois jovens, Ennis Del Mar, um rancheiro de Wyoming e Jack Twist, um vaqueiro de rodeio, que se encontram no verão de 1963, e nos anos seguintes lutam secretamente para entender e se manter o amor que nutrem um pelo outro.",XXI,,2026-07-31
6977,tt0477348,No Country for Old Men,Onde os Fracos Não Têm Vez,2007,EUA,Joel & Ethan Coen,122,Crime; Thriller; Faroeste,/uB7RDZby43Wvu8SKGHHTwGyTDBX.jpg,"Quando um homem se depara com a sangrenta cena de um crime, uma caminhonete carregada de heroína e irresistíveis dois milhões de dólares, sua decisão de levar o dinheiro deflagra uma interminável e violenta reação em cadeia, que nem a lei do Oeste do Texas pode deter.",XXI,Netflix,2026-07-31
123678,tt2375605,The Act of Killing,O Ato de Matar,2012,Dinamarca / Noruega / Reino Unido,Joshua Oppenheimer,122,Documentário; História,/sp5B7Tz5ttsgOLnIlCP5uEhtesI.jpg,"In this chilling and groundbreaking documentary, former Indonesian death squad leaders reenact their real-life mass killings in the style of various film genres. As they recreate their past atrocities, the line between reality and performance blurs, exposing the lingering impact of Indonesia's 1965-66 anti-communist purge and the unsettling psychology of its perpetrators.",XXI,Filmicca,2026-07-31
80,tt0381681,Before Sunset,Antes do Pôr do Sol,2004,EUA / França,Richard Linklater,80,Drama; Romance,/4sW5XH9ZfYXpvFzev00S1IGAEbg.jpg,"Um escritor e uma ambientalista, que se conheceram em um trem nove anos atrás, reencontram-se em Paris. Apesar de ambos estarem comprometidos com outras pessoas, percebem que ainda existe um forte sentimento entre os dois.",XXI,Telecine,2026-07-31
374475,tt4048272,Toni Erdmann,As Faces de Toni Erdmann,2016,Alemanha / Áustria,Maren Ade,162,Comédia; Drama,/v3gf7T8hb8aYv05X2jHmxJQWPZr.jpg,"Winfried (Peter Simonischek) é um senhor que gosta de levar a vida com bom humor, fazendo brincadeiras que proporcionem o riso nas pessoas. Seu jeito extrovertido fez com que se afastasse de sua filha, Ines (Sandra Hüller), sempre sisuda e extremamente dedicada ao trabalho. Percebendo o afastameto, Winfried decide visitar a filha na cidade em que ela mora, Budapeste. A iniciativa não dá certo, resultando em vários enfrentamentos entre pai e filha, o que faz com que ele volte para casa. Tempos depois, Winfried ressurge na vida de Ines sob o alter-ego de Toni Erdmann, especialista em contar mentiras bem-intencionadas a todos que ela conhece.",XXI,,2026-07-31
153,tt0335266,Lost in Translation,Encontros e Desencontros,2003,EUA / Japão,Sofia Coppola,102,Drama; Comédia; Romance,/3jCLmYDIIiSMPujbwygNpqdpM8N.jpg,"Bob Harris é uma estrela de cinema, que está em Tóquio para fazer um comercial de uísque. Charlotte, por sua vez, está na cidade acompanhando seu marido, um fotógrafo workaholic que a deixa sozinha o tempo todo. Sofrendo com o horário, Bob e Charlotte não conseguem dormir. Eles se encontram, por acaso, no bar de um hotel de luxo, e em pouco tempo tornam-se grandes amigos. Resolvem então partir pela cidade juntos. A eles junta-se uma jovem atriz chamada Kelly, com quem vão viver algumas aventuras pela cidade de Tóquio.",XXI,Netflix,2026-07-31
8967,tt0478304,The Tree of Life,A Árvore da Vida,2011,EUA,Terrence Malick,139,Drama; Fantasia,/l8cwuB5WJSoj4uMAsnzuHBOMaSJ.jpg,"Conta a história que aproxima o foco na relação entre pai e filho de uma família comum, e expande a ótica desta rica relação, ao longo dos séculos, desde o Big Bang até o fim dos tempos, em uma fabulosa viagem pela história da vida e seus mistérios, que culmina na busca pelo amor altruísta e o perdão.",XXI,Telecine,2026-07-31
21575,tt1235166,A Prophet (Un prophète),O Profeta,2009,França / Itália,Jacques Audiard,155,Crime; Drama,/x9Jb8kewBHPzjTtgCQvoQoDsy4d.jpg,"Mostra a dura trajetória de Malik, de dezenove anos, dentro do sistema carcerário. Ao chegar à prisão, ele é encurralado pelo líder da gangue dominante dos corsos e forçado a executar várias tarefas perigosas, inclusive tráfico de drogas e assassinatos brutais. Com o tempo, Malik ganha a confiança do líder da gangue e conquista posições privilegiadas dentro da prisão. Enquanto isso ele traça, secretamente, os seus próprios planos.",XXI,,2026-07-31
155,tt0468569,The Dark Knight,Batman: O Cavaleiro das Trevas,2008,EUA / Reino Unido,Christopher Nolan,152,Ação; Crime; Thriller,/qJ2tW6WMUDux911r6m7haRef0WH.jpg,"Após dois anos desde o surgimento do Batman, os criminosos de Gotham City têm muito o que temer. Com a ajuda do tenente James Gordon e do promotor público Harvey Dent, Batman luta contra o crime organizado. Acuados com o combate, os chefes do crime aceitam a proposta feita pelo Coringa e o contratam para combater o Homem-Morcego.",XXI,Max; Claro tv+; Telecine; Universal+,2026-07-31
219,tt0441909,Volver,Volver,2006,Espanha,Pedro Almodóvar,121,Comédia; Drama; Romance,/m1ZUDGTFtVGE3zjTvF8OiQ9um5e.jpg,"Na classe trabalhadora de Madri, Raimunda precisa lidar com a morte do marido enquanto luta para sustentar sua família. Mas rodeada por três gerações de mulheres — sua irmã Sole, sua filha Paula e sua amiga Augustina — e assombrada pela falecida mãe, Raimunda fará mais do que apenas sobreviver.",XXI,Belas Artes à La Carte; Claro tv+; Filmelier+,2026-07-31
49047,tt1454468,Gravity,Gravidade,2013,EUA / Reino Unido,Alfonso Cuarón,91,Ficção científica; Thriller; Drama,/kZ2nZw8D681aphje8NJi8EfbL1U.jpg,"Matt Kowalski é um astronauta experiente que está em missão de conserto ao telescópio Hubble juntamente com a doutora Ryan Stone. Ambos são surpreendidos por uma chuva de destroços decorrente da destruição de um satélite por um míssil russo, que faz com que sejam jogados no espaço sideral. Sem qualquer apoio da base terrestre da NASA, eles precisam encontrar um meio de sobreviver em meio a um ambiente completamente inóspito para a vida humana.",XXI,Max,2026-07-31
398818,tt5726616,Call Me by Your Name,Me Chame Pelo Seu Nome,2017,Itália / França / Brasil / EUA,Luca Guadagnino,132,Romance; Drama,/mZ4gBdfkhP9tvLH1DO4m4HYtiyi.jpg,"O sensível e único filho da família americana com ascendência italiana e francesa Perlman, Elio está enfrentando outro verão preguiçoso na casa de seus pais na bela e lânguida paisagem italiana quando Oliver, um acadêmico que veio ajudar a pesquisa de seu pai, chega.",XXI,,2026-07-31
466272,tt7131622,Once Upon a Time in Hollywood,Era Uma Vez em… Hollywood,2019,EUA,Quentin Tarantino,161,Comédia; Drama; Thriller,/8j58iEBw9pOXFD2L0nt0ZXeHviB.jpg,"Los Angeles, 1969. O astro de TV Rick Dalton, um ator em dificuldades especializado em faroestes, e o dublê Cliff Booth, seu melhor amigo, tentam sobreviver em uma indústria cinematográfica em constante mudança. Dalton é vizinho da jovem e promissora atriz e modelo Sharon Tate, que acaba de se casar com o prestigiado diretor polonês Roman Polanski.",XXI,Netflix,2026-07-31
161,tt0240772,Ocean's Eleven,Onze Homens e um Segredo,2001,EUA,Steven Soderbergh,116,Thriller; Crime,/hQQCdZrsHtZyR6NbKH2YyCqd2fR.jpg,"Danny Ocean é um homem de ação. Apenas 24 horas após deixar a penitenciária de Nova Jersey ele já está pondo em prática seu mais novo plano: Assaltar três cassinos de Las Vegas em apenas uma noite, em meio à realização de uma luta que vale o título mundial dos peso-pesados. Para tanto, Ocean reúne uma equipe de 11 especialistas a fim de ajudá-lo em seu plano, seguindo sempre três regras básicas: Não ferir ninguém, não roubar alguém que realmente não mereça e seguir o plano como se não tivesse nada a perder.",XXI,Prime Video; Max; Universal+,2026-07-31
8699,tt0357413,Anchorman: The Legend of Ron Burgundy,O Âncora: A Lenda de Ron Burgundy,2004,EUA,Adam McKay,94,Comédia,/mhZIcRePT7U8viFQVjt1ZjYIsR4.jpg,"Nos coloridos anos 70, Ron Burgundy é um famoso âncora de telejornal na cidade de San Diego. Vaidoso, sem uma gota de humildade, e completamente incompetente, ele é admirado pelas mulheres e invejado pelos homens. Trabalhando numa redação pra lá de machista, Ron vê seu reinado de fama ameaçado com a chegada de Veronica, uma jornalista séria e profissional que não vai medir esforços para conseguir seu espaço na emissora. Agora, Ron e seu patético grupo de amigos vão ter de fazer o possível e o impossível para tentar barrar a carreira da intrépida Veronica.",XXI,,2026-07-31
12162,tt0887912,The Hurt Locker,Guerra ao Terror,2008,EUA,Kathryn Bigelow,131,Drama; Thriller; Guerra,/io2dfBJhasvGbgkCX9cCGVOiA99.jpg,"Quando o novo sargento James assume o comando de um esquadrão antibombas na Guerra do Iraque, ele surpreende seus dois subordinados, Sanborn e Eldridge, ao lançá-los em um jogo mortal de combate urbano. À medida que os homens lutam para controlar seu novo líder, a cidade explode em caos.",XXI,Prime Video,2026-07-31
24469,tt1232776,Fish Tank,Aquário,2009,Reino Unido,Andrea Arnold,123,Drama,/rI3MKBDsWzQHi9PWDAMKkgmYcff.jpg,"Fish Tank conta a historia de Mia (Katie Jarvis), uma garota de 15 anos, que vive com sua mãe (Kierston Wareing) e irmã nos subúrbios da Inglaterra. Excluída da escola e desprezada por seus amigos, a vida de Mia muda quando ela conhece Connor (Michael Fassbender), o novo namorado de sua mãe.",XXI,,2026-07-31
98,tt0172495,Gladiator,Gladiador,2000,EUA / Reino Unido,Ridley Scott,155,Ação; Drama; Aventura,/wN2xWp1eIwCKOD0BHTcErTBv1Uq.jpg,"Nos dias finais do reinado de Marcus Aurelius, o imperador desperta a ira de seu filho Commodus ao tornar pública sua predileção em deixar o trono para Maximus, o comandante do exército romano. Sedento pelo poder, Commodus mata seu pai, assume a coroa e ordena a morte de Maximus, que consegue fugir antes de ser pego e passa a se esconder sob a identidade de um escravo e gladiador do Império Romano.",XXI,Prime Video; Telecine,2026-07-31
496243,tt6751668,Parasite,Parasita,2019,Coreia do Sul,Bong Joon-ho,132,Comédia; Thriller; Drama,/7IiTTgloJzvGI1TAYymCfbfl3vT.jpg,"Toda a família de Ki-taek está desempregada, vivendo num porão sujo e apertado. Uma obra do acaso faz com que o filho adolescente da família comece a dar aulas de inglês à garota de uma família rica. Fascinados com a vida luxuosa destas pessoas, pai, mãe, filho e filha bolam um plano para se infiltrarem também na família glamorosa, um a um. No entanto, os segredos e mentiras necessários à ascensão social custarão caro a todos.",XXI,Netflix; Prime Video; Claro tv+; Telecine,2026-07-31
445,tt0387898,Caché,Caché,2005,França / Áustria / Alemanha,Michael Haneke,117,Mistério; Drama; Thriller,/vTzjRi0Uhy0tt3Rjw8SARZZJHlX.jpg,"Um dia Georges (Daniel Auteuil) e sua esposa Anne (Juliette Binoche) recebem uma fita de vídeo com imagens de sua casa, que fora filmada por uma câmara instalada na rua. Depois disso começam a receber desenhos sinistros. Assustado, o casal tenta descobrir o autor daquelas misteriosas ameaças que perturbam a paz de sua família. Logo percebem que quem os persegue conhece mais sobre o seu passado do que eles poderiam esperar.",XXI,Reserva Imovision,2026-07-31
4960,tt0383028,"Synecdoche, New York","Sinédoque, Nova York",2008,EUA,Charlie Kaufman,124,Drama,/5UwdhrjXhUgsiDhe1dpS9z4yj7q.jpg,"A vida está parecendo desanimadora para o diretor de teatro Caden Cotard. Sua esposa e filha o deixaram, sua terapeuta está mais interessada em divulgar seu novo livro do que em ajudá-lo com seus problemas, e uma doença estranha está enfraquecendo seu corpo.",XXI,Looke; MUBI,2026-07-31
38,tt0338013,Eternal Sunshine of the Spotless Mind,Brilho Eterno de uma Mente sem Lembranças,2004,EUA,Michel Gondry,108,Ficção científica; Drama; Romance,/5MwkWH9tYHv3mV9OdYTMR5qreIz.jpg,"Joel se surpreende ao saber que seu amor verdadeiro, Clementine, o apagou completamente de sua memória. Ele decide fazer o mesmo, mas muda de ideia. Preso dentro da própria mente enquanto os especialistas se mantêm ocupados em seu apartamento, Joel precisa avisá-los para parar.",XXI,Claro tv+,2026-07-31
326382,tt3409848,Zama,Zama,2017,Argentina,Lucrecia Martel,115,Drama; História,/kpp9R6iYKSIXxfyW0feVYrk0jsg.jpg,"Final do século XVIII, Don Diego de Zama é um magistrado espanhol do século XVIII, cumprindo castigo em Assunção, esperando ser transferido para Buenos Aires. Quando sua última esperança de partida não dá em nada, Zama se junta a uma expedição para localizar Vicuña Porto, um lendário fora-da-lei, que pode ou não existir, e sai a explorar terras distantes habitadas por índios selvagens.",XXI,,2026-07-31
3989,tt0372588,Team America: World Police,Team America - Detonando o Mundo,2004,EUA,Trey Parker,98,Aventura; Ação; Comédia,/m1Q2VFe1DVVbjfu1LDZe7tlp9yb.jpg,"Team America é uma equipe policial que age em âmbito mundial, com a missão de proteger o planeta de ameaças e garantir sua estabilidade. Após descobrir que um perigoso ditador está armazenando armas em seu país, uma equipe do Team America é enviada para combatê-lo. Entre eles está Gary Johnston, um astro da Broadway que recebe a missão de usar seus talentos dramáticos para combater a ameaça.",XXI,,2026-07-31
76341,tt1392190,Mad Max: Fury Road,Mad Max: Estrada da Fúria,2015,Austrália / EUA,George Miller,120,Ação; Aventura; Ficção científica,/ulcAi4dKpAjHwYGS08vNyx9H6I9.jpg,"Em um mundo apocalíptico, Max Rockatansky acredita que a melhor forma de sobreviver é não depender de ninguém. Porém, após ser capturado pelo tirano Immortan Joe e seus rebeldes, Max se vê no meio de uma guerra mortal, iniciada pela imperatriz Furiosa que tenta salvar um grupo de garotas. Também tentando fugir, Max aceita ajudar Furiosa. Dessa vez, o tirano Joe está ainda mais implacável pois teve algo insubstituível roubado.",XXI,Max; Claro tv+; Telecine,2026-07-31
336050,tt3808342,Son of Saul,Filho de Saul,2015,Hungria,László Nemes,107,Guerra; Drama; Thriller,/9ZcX6NjCJam5uwkooXffhHI29Lj.jpg,"1944, campo de concentração de Auschwitz, durante a Segunda Guerra Mundial. Saul (Géza Röhrig) é um judeu obrigado a trabalhar para os nazistas, sendo um dos responsáveis em limpar as câmaras de gás após dezenas de outros judeus serem mortos. Em meio à tensão do momento e às dificuldades inerentes desta tarefa, ele reconhece entre os mortos o corpo de seu próprio filho.",XXI,,2026-07-31
467244,tt7160372,The Zone of Interest,Zona de Interesse,2023,Reino Unido / Polônia,Jonathan Glazer,105,Drama; História; Guerra,/hUu9zyZmDd8VZegKi1iK1Vk0RYS.jpg,"O comandante Rudolf Höss e sua esposa Hedwig, desfrutam de uma vida aparentemente comum em uma casa com um belo jardim. Mas, por trás da fachada de tranquilidade, a família feliz vive, na verdade, ao lado do campo de concentração de Auschwitz. O dia-a dia destes personagens se desenrola entre os gritos abafados de desespero de um genocídio do qual eles tem as mãos manchadas de sangue.",XXI,Prime Video; Diamond Films,2026-07-31
10712,tt0297884,Far From Heaven,Longe do Paraíso,2002,EUA / França,Todd Haynes,107,Drama; Romance,/9gQuvFDRPLx39smUvyafm36tp0d.jpg,"Nos anos 50, uma mulher leva sua vida dividida entre seu casamento, filhos e eventos sociais até descobrir um segredo sobre seu marido, que colocará em xeque todas as suas incertezas.",XXI,,2026-07-31
9693,tt0206634,Children of Men,Filhos da Esperança,2006,Reino Unido / EUA,Alfonso Cuarón,109,Ficção científica; Thriller; Ação,/k9IAS4TehZFcKi4HVByxZNPfqex.jpg,"No ano de 2027, a infertilidade é uma ameaça real para a civilização, e o último humano a nascer em anos acaba de morrer. Frente a um cenário pessimista sobre o futuro, um burocrata desiludido se torna o herói improvável que pode salvar a humanidade. Para isso, ele enfrenta seus próprios demônios e tenta proteger a última esperança do planeta: uma jovem mulher milagrosamente grávida, descoberta pela ativista inteligente com quem fora casado.",XXI,,2026-07-31
46207,tt1135952,White Material,"Minha Terra, África",2010,França / Camarões,Claire Denis,102,Drama,/qqQOsXOf7HvoWVWjOLuKpGQFjMh.jpg,"“White Material”, Claire Denis volta à África, onde passou a infância e onde baseou seu longa-metragem de estreia, “Chocolat” (1988). Com uma câmera intimista, que já virou sua marca, ela nos leva à história de Maria (Isabelle Huppert), uma branca de origem francesa que, em meio à guerra civil, se recusa a deixar uma fazenda de cultivo de café. Denis filma, de forma muito bonita, a conexão que Maria tem com a província agrícola em que se acostumou a viver. O espectador compreende, assim, a alegria que Maria sente em um passeio de moto, com o sol no rosto e os cabelos ao vento, sua íntima relação com a terra, que revira com força, caso seja necessário, e sua desenvoltura com a lida agrária.  Gênero: Drama",XXI,,2026-07-31
16869,tt0361748,Inglourious Basterds,Bastardos Inglórios,2009,EUA / Alemanha,Quentin Tarantino,153,Drama; Thriller; Guerra,/aupnPtagH9JVBuMrGEanf4iqXEQ.jpg,"Durante a Segunda Guerra Mundial, na França, um grupo de judeus americanos conhecidos como Bastardos espalha o terror entre o terceiro Reich. Ao mesmo tempo, Shosanna, uma judia que fugiu dos nazistas, planeja vingança quando um evento em seu cinema reunirá os líderes do partido.",XXI,Prime Video; Telecine; Universal+,2026-07-31
505192,tt8075192,Shoplifters,Assunto de Família,2018,Japão,Hirokazu Kore-eda,121,Drama; Crime; Thriller,/4nfRUOv3LX5zLn98WS1WqVBk9E9.jpg,"Depois de uma de suas sessões de furtos, Osamu e seu filho se deparam com uma garotinha escondida. A princípio relutam em ajudar a menina, mas a esposa de Osamu concorda em  abrigar e cuidar dela depois de descobrir as dificuldades que ela enfrenta. Embora a família seja pobre e mal ganhem dinheiro com os pequenos crimes que cometem, eles parecem viver felizes juntos até que um incidente revela segredos escondidos, testando os laços que os unem.",XXI,Globoplay,2026-07-31
598,tt0317248,City of God,Cidade de Deus,2002,Brasil,Fernando Meirelles,130,Drama; Crime,/k7eYdWvhYQyRQoU2TB2A2Xu2TfD.jpg,"Buscapé é um jovem morador da Cidade de Deus que cresce em meio à violência. Com medo de se tornar um bandido, enxerga na fotografia uma oportunidade de ter uma vida digna.",XXI,Netflix; Max; Globoplay,2026-07-31
179144,tt2358891,The Great Beauty,A Grande Beleza,2013,Itália / França,Paolo Sorrentino,142,Drama,/7suf0vaQfv5E7X1GVh4HJwK90yo.jpg,"Vencedor do Oscar de Melhor Filme Estrangeiro, este conto à la Fellini de decadência e amor perdido encontra um jornalista envelhecido na Itália relembrando seus dias em meio à exuberante vida noturna de Roma após seu 65º aniversário.",XXI,,2026-07-31
1391,tt0245574,Y Tu Mamá También,E Sua Mãe Também,2001,México,Alfonso Cuarón,106,Drama; Romance,/aj3rqjab8jfc2fWmcS3H3c5qbur.jpg,"Tenoch e Julio são dois adolescentes de 17 anos que são controlados pelos seus hormônios e desejam se tornar adultos rapidamente. Em uma tarde festiva eles encontram Luisa, uma garota espanhola 11 anos mais velha que eles e que é casada com o primo de Tenoch. Eles a convidam para uma viagem à praia de Boca del Cielo, convite este inicialmente recusado e posteriormente aceito, após Luisa receber uma desagradável notícia. Porém, tanto Julio quanto Tenoch não conhecem o caminho até a praia e nem mesmo se ela realmente existe, fazendo com que os três se aventurem em uma viagem onde inocência, sexualidade e amizade irão colidir.",XXI,,2026-07-31
72976,tt0443272,Lincoln,Lincoln,2012,EUA,Steven Spielberg,150,História; Drama,/7mUYEkv9W3ek61eetZCfMQYVoi.jpg,"O filme se passa durante a Guerra Civil norte-americana, que acabou com a vitória do Norte. Ao mesmo tempo em que se preocupava com o conflito, o o 16º presidente norte-americano, Abraham Lincoln, travava uma batalha ainda mais difícil em Washington. Ao lado de seus colegas de partido, ele tentava passar uma emenda à Constituição dos Estados Unidos que acabava com a escravidão.",XXI,,2026-07-31
1949,tt0443706,Zodiac,Zodíaco,2007,EUA,David Fincher,157,Crime; Mistério; Thriller,/6YmeO4pB7XTh8P8F960O1uA14JO.jpg,"Durante os anos 60 e 70, o medo aumenta em São Francisco com os ataques de um assassino maníaco chamado Zodíaco. Investigadores e jornalistas tentam descobrir a identidade do assassino e levá-lo à justiça. Enquanto isso, Zodíaco provoca as autoridades com mensagens crípticas, cifras e telefonemas ameaçadores.",XXI,Max; Telecine,2026-07-31
37903,tt1149362,The White Ribbon,A Fita Branca,2009,Áustria / Alemanha / França,Michael Haneke,144,Drama; Mistério,/54dlnGDexrwAFlDb8HWKfmmX4LB.jpg,"1913. Em um vilarejo no norte da Alemanha vivem as crianças e adolescentes de um coral, dirigido por um professor primário. Um estranho acidente com o médico, cujo cavalo tropeça em um arame afiado, faz com que uma busca pelo responsável seja realizada. Outros estranhos eventos continuam a acontecer, tudo durante os anos anteriores à Primeira Guerra Mundial, parecendo ser punições rituais. Quem seria o responsável?",XXI,Reserva Imovision,2026-07-31
209274,tt2718492,Ida,Ida,2013,Polônia / Dinamarca,Paweł Pawlikowski,82,Drama,/oFrwnliM6TtAyWo6nIP8YpJbIvi.jpg,"Anna é uma órfã criada por freiras. Sua mestre lhe conta que, antes de completar seus votos, ela deve encontrar sua família, então ela vai visitar Wanda, sua única parente viva, antes que esta venha a falecer. Wanda diz a Anna que ela é judia, então as duas mulheres iniciam uma viagem, não só para encontrar a sua trágica história de família, mas para saber quem elas realmente são e aonde pertencem.",XXI,,2026-07-31
152601,tt1798709,Her,Ela,2013,EUA,Spike Jonze,126,Romance; Ficção científica; Drama,/eCOtqtfvn7mxGl6nfmq4b1exJRc.jpg,"Em um futuro próximo, um escritor solitário desenvolve um relacionamento improvável com um sistema operacional projetado para atender todas as suas necessidades.",XXI,Max,2026-07-31
400617,tt5776858,Phantom Thread,Trama Fantasma,2017,EUA / Reino Unido,Paul Thomas Anderson,130,Drama; Romance,/hgoWjp9Sh0MI97eAMZCnIoVfgvq.jpg,"Nos anos 1950, Reynolds Woodcock é um renomado e confiante estilista que trabalha ao lado da irmã, Cyril, para vestir grandes nomes da realeza e da elite britânica. Sua inspiração surge através das mulheres que, constantemente, entram e saem de sua vida. Mas tudo muda quando ele conhece a forte e inteligente Alma, que vira sua musa e amante.",XXI,Telecine,2026-07-31
915935,tt17009710,Anatomy of a Fall,Anatomia de uma Queda,2023,França,Justine Triet,151,Thriller; Mistério; Crime,/1ho0d4LNZw3Y0voeKmSvPSgJOJ2.jpg,"Uma mulher é suspeita do assassinato de seu marido, e seu filho cego enfrenta um dilema moral como única testemunha.",XXI,Prime Video; Diamond Films,2026-07-31
2757,tt0268126,Adaptation,Adaptação.,2002,EUA,Spike Jonze,114,Comédia; Crime; Drama,/ffEmHQAiD0m5dEQ6rlsuA9vlllW.jpg,"Charlie Kaufman (Nicolas Cage) precisa de qualquer maneira adaptar para o cinema o romance ""The Orchid Thief"", de Susan Orlean (Meryl Streep). O livro conta a história de John Laroche (Chris Cooper), um fornecedor de plantas que clona orquídeas raras para vendê-las a colecionadores. Porém, além das dificuldades naturais da adaptação de um livro em roteiro de cinema, Charlie precisa lidar também com sua baixa auto-estima, sua frustração sexual e ainda Donald, seu irmão gêmeo que vive como um parasita em sua vida e sonha em também se tornar um roteirista.",XXI,Oldflix,2026-07-31
129670,tt1821549,Nebraska,Nebraska,2013,EUA,Alexander Payne,115,Drama; Aventura,/o1t2Mw18EEBnl8v4Nby3PFjxnM1.jpg,"Woody Grant é um idoso que acredita ter ganho US$ 1 milhão após receber uma propaganda pelo correio. Decidido a retirar o prêmio, ele resolve ir a pé até a cidade de Lincoln, Nebraska. Percebendo que a teimosia do pai, seu filho David resolve levá-lo de carro. Só que no caminho sofrem um acidente e David decide passar o fim de semana na casa de um de seus tios antes de continuar. Woody conta a todos sobre o ocorrido, despertando a cobiça da família e dos habitantes da cidade.",XXI,Sony One,2026-07-31
329865,tt2543164,Arrival,A Chegada,2016,EUA,Denis Villeneuve,116,Drama; Ficção científica; Mistério,/x2FJsf1ElAgr63Y3PNPtJrcmpoe.jpg,"Quando seres interplanetários deixam marcas na Terra, a Dra. Louise Banks, uma linguista especialista no assunto, é procurada por militares para traduzir os sinais e desvendar se os alienígenas representam uma ameaça. No entanto, a resposta para todas as perguntas e mistérios coloca em risco  a vida de Louise e a de toda a humanidade.",XXI,Max; Claro tv+,2026-07-31
265180,tt2802154,Leviathan,Leviatã,2014,Rússia,Andrey Zvyagintsev,140,Drama; Crime,/dwmHSBBiu2ow271zrQ33rPKZDSC.jpg,"Numa península do Mar de Barents, no Ártico, um pai de família (Aleksey Serebryakov) luta contra os desmandos de um prefeito corrupto. Para enfrentar o político que tenta desalojá-lo, ele recorre a um colega de Moscou.",XXI,Reserva Imovision,2026-07-31
291270,tt2401878,Anomalisa,Anomalisa,2015,EUA,Charlie Kaufman / Duke Johnson,90,Animação; Drama; Romance; Comédia,/4DJ1zNr4Y6q7zQ27goEYla46VdO.jpg,"Michael Stone é um palestrante motivacional que acaba de chegar à cidade de Connecticut. Lá, ele conhece Lisa, que transforma a sua vida.",XXI,,2026-07-31
1422,tt0407887,The Departed,Os Infiltrados,2006,EUA,Martin Scorsese,151,Drama; Thriller; Crime,/nT97ifVT2J1yMQmeq20Qblg61T.jpg,"Billy Costigan, um jovem policial, recebe a missão de se infiltrar na máfia, mais especificamente no grupo comandado por Frank Costello. Billy conquista sua confiança ao mesmo tempo em que Colin Sullivan, um criminoso que atuou na polícia como informante de Costello, também ascende dentro da corporação. Tanto Billy quanto Colin se sentem aflitos devido à vida dupla que levam. Mas quando a máfia e a polícia descobrem que há um espião entre eles, a vida de ambos passa a correr perigo.",XXI,Netflix; Max; Telecine,2026-07-31
55721,tt1478338,Bridesmaids,Missão Madrinha de Casamento,2011,EUA,Paul Feig,125,Comédia; Romance,/gJtA7hYsBMQ7EM3sPBMUdBfU7a0.jpg,"Lillian (Maya Rudolph) vai se casar e convida a amiga Annie (Kristen Wiig) para ser sua madrinha. Ela, que enfrenta problemas profissionais e amorosos, resolve se dedicar à função de corpo e alma. Só que, logo no primeiro evento organizado, Annie conhece Helen (Rose Byrne), uma bela e rica mulher que quer ser a nova melhor amiga de Lillian. As duas logo passam a disputar a proximidade da amiga, assim como o posto de organizadora do casamento e demais eventos pré-nupciais.",XXI,Prime Video,2026-07-31
11490,tt0456396,L'Enfant (The Child),A Criança,2005,Bélgica / França,Jean-Pierre e Luc Dardenne,95,Drama,/dk7ZpsVKLt2nwjQZZIde0WP4oQV.jpg,"Na Bélgica atual, Bruno é um jovem perdido, de 20 anos, que vive de pequenos furtos e mora em um quarto alugado. Sua namorada Sonia, de 18 anos, acaba de sair do hospital com um filho seu nos braços. Eles são completamente inconsequentes e não têm nenhuma perspectiva de vida. O filme mostra como os dois lidam com essa nova situação.",XXI,,2026-07-31
10681,tt0910970,WALL-E,WALL-E,2008,EUA,Andrew Stanton,98,Animação; Família; Ficção científica,/hbhFnRzzg6ZDmm8YAmxBnQpQIPh.jpg,"No ano 2800, num planeta Terra devastado e sem vida, depois de centenas de anos solitários a fazer aquilo para que foi construído - limpar o planeta de lixo - o pequeno robô WALL-E descobre uma nova missão na sua vida quando conhece uma moderna e brilhante robô exploradora chamada EVE. Os dois vão viajar pela galáxia e viver uma aventura emocionante e inesquecível.",XXI,Disney+,2026-07-31
311291,tt3544082,45 Years,45 Anos,2015,Reino Unido,Andrew Haigh,95,Drama; Romance,/8elIJYYXWq2HpcZ6TgVMC9EwTnn.jpg,"Falta apenas uma semana para o 45º aniversário de casamento de Kate Mercer e o planejamento para a festa está indo bem. Contudo, uma carta chega para seu marido: o corpo de seu primeiro amor foi descoberto, congelado e preservado nas geleiras dos Alpes Suíços.",XXI,Reserva Imovision,2026-07-31
553,tt0276919,Dogville,Dogville,2003,Dinamarca / Suécia / Noruega,Lars von Trier,177,Crime; Drama; Thriller,/lraVawavIXh5geMlVjpzCw9TGwR.jpg,"Situado em uma pequena cidade fictícia dos EUA durante os anos 30 e filmado em um estúdio com um cenário mínimo, este filme conta a história de Grace, uma jovem que está fugindo de gângsteres e se refugia na pequena cidade mineira de Dogville.",XXI,MUBI,2026-07-31
74879,tt1827487,Bir Zamanlar Anadolu'da,Era uma vez na Anatólia,2011,Turquia,Nuri Bilge Ceylan,157,Drama; Crime,/bN84guFndgvtWIvFC7sTD8AAJDE.jpg,"Na área rural ao redor da cidade de Keskin, na Anatólia, o promotor local, o comissário de polícia e o médico lideram uma busca pela vítima de um assassinato a quem um suspeito chamado Kenan e seu irmão com problemas mentais confessaram. No entanto, a busca está se mostrando mais difícil do que o esperado, pois Kenan está confuso quanto à localização exata do corpo. Enquanto o grupo continua procurando, seus membros não podem deixar de conversar entre si sobre trivialidades e suas preocupações mais profundas em uma investigação que está se mostrando mais difícil do que qualquer um deles esperava.",XXI,,2026-07-31
531428,tt8613070,Portrait of a Lady on Fire,Retrato de uma Jovem em Chamas,2019,França,Céline Sciamma,122,Drama; Romance,/rUDuOKpkKBHxx41BScqKej72iT3.jpg,"França, 1760. Marianne é contratada para pintar o retrato de casamento de Héloïse, uma jovem mulher que acabou de deixar o convento. Por ela ser uma noiva relutante, Marianne chega sob o disfarce de companhia, observando Héloïse de dia e a pintando secretamente à noite. Conforme as duas mulheres se aproximam, a intimidade e a atração crescem, enquanto compartilham os primeiros e últimos momentos de liberdade de Héloïse, antes do casamento iminente. O retrato de Héloïse logo se torna um ato colaborativo e o testamento do amor delas.",XXI,Globoplay; MUBI; Telecine,2026-07-31
57120,tt1518812,Meek's Cutoff,O Atalho,2011,EUA,Kelly Reichardt,104,Faroeste; História; Drama,/oc28NmVqLx0x8epu3Ih3LvX4zE9.jpg,"Em 1845, durante os primeiros dias do Oregon Trail, uma caravana de três famílias contrata Stephen Meek para guiá-las através da Cordilheira das Cascatas. Alegando conhecer um atalho, Meek leva o grupo por uma trilha desconhecida através do deserto das altas planícies.",XXI,,2026-07-31
391713,tt4925292,Lady Bird,Lady Bird - A Hora de Voar,2017,EUA,Greta Gerwig,94,Drama; Comédia,/gl66K7zRdtNYGrxyS2YDUP5ASZd.jpg,"Christine McPherson está no último ano do colégio e o que mais deseja é ir fazer faculdade longe de Sacramento, Califórnia, ideia rejeitada por sua mãe. Lady Bird, como a garota de forte personalidade exige ser chamada, não se dá por vencida e leva o plano de ir embora adiante mesmo assim. Enquanto a hora não chega, ela se divide entre as obrigações estudantis no colégio católico, o primeiro namoro, típicos rituais de passagem para a vida adulta e inúmeros desentendimentos com a progenitora.",XXI,Netflix,2026-07-31
29982,tt1107850,Unrelated,Unrelated,2008,Reino Unido,Joanna Hogg,100,Drama,/5TFsgS0EkClv2KlA1j5ARp3DoRq.jpg,"Uma mulher em um relacionamento infeliz se refugia com a família de um amigo de férias na Toscana, onde as tensões sexuais fervilham e ela acredita ter encontrado uma segunda chance na vida.",XXI,MUBI,2026-07-31
290098,tt4016934,The Handmaiden,A Criada,2016,Coreia do Sul,Park Chan-wook,144,Thriller; Drama; Romance,/dLlH4aNHdnmf62umnInL8xPlPzw.jpg,"Coreia do Sul, anos 1930. Durante a ocupação japonesa, a jovem Sookee é contratada para trabalhar para uma herdeira nipônica, Hideko, que leva uma vida isolada ao lado do tio autoritário. Só que Sookee guarda um segredo: ela e um vigarista planejam desposar a herdeira, roubar sua fortuna e trancafiá-la em um sanatório. Tudo corre bem com o plano, até que Sookee aos poucos começa a compreender as motivações de Hideko.",XXI,FilmBox+,2026-07-31
194,tt0211915,Amélie,O Fabuloso Destino de Amélie Poulain,2001,França / Alemanha,Jean-Pierre Jeunet,122,Comédia; Romance,/nSxDa3M9aMvGVLoItzWTepQ5h5d.jpg,"Após deixar a vida de subúrbio que levava com a família, a inocente Amélie muda-se para o bairro parisiense de Montmartre, onde começa a trabalhar como garçonete. Certo dia encontra uma caixa escondida no banheiro de sua casa e, pensando que pertencesse ao antigo morador, decide procurá-lo ­e é assim que encontra Dominique. Ao ver que ele chora de alegria ao reaver o seu objeto, a moça fica impressionada e adquire uma nova visão do mundo. Então, a partir de pequenos gestos, ela passa a ajudar as pessoas que a rodeiam, vendo nisto um novo sentido para sua existência. Contudo, ainda sente falta de um grande amor.",XXI,,2026-07-31
2009,tt1032846,"4 Months, 3 Weeks and 2 Days","4 Meses, 3 Semanas e 2 Dias",2007,Romênia,Cristian Mungiu,113,Drama,/acEtvzFPeOQwbzRWncjRLenhnKV.jpg,"Em 1987, nos últimos dias do comunismo, Otilia (Anamaria Marinca) e Gabita (Laura Vasiliu) dividem um quarto num dormitório estudantil. Elas são colegas de classe na universidade de uma pequena cidade romena. Gabita está grávida e o aborto é ilegal no país. Otilia aluga um quarto num hotel barato. Lá elas recebem um certo Sr. Bebe (Vlad Ivanov), chamado para resolver a questão. Mas, ao saber que Gabita está com a gravidez mais adiantada do que havia informado, Sr. Bebe aumenta as exigências para o serviço. Ele cobra um preço que as duas não estão preparadas para pagar.",XXI,,2026-07-31
68722,tt1560747,The Master,O Mestre,2012,EUA,Paul Thomas Anderson,137,Drama,/rUSjbyvYWN9H4az8xt0tDtU7I6v.jpg,"Um soldado, atormentado pelos horrores da Segunda Guerra Mundial, encontra em Lancaster o líder carismático de uma nova religião e se torna seu aprendiz. Porém, quando a seita toma proporções radicais, ele passa a questionar o guia espiritual.",XXI,,2026-07-31
670,tt0364569,Oldboy,Oldboy,2003,Coreia do Sul,Park Chan-wook,120,Thriller; Mistério,/pWDtjs568ZfOTMbURQBYuT4Qxka.jpg,"Dae-Su é raptado e mantido em cativeiro por 15 anos num quarto de hotel, sem qualquer contato com o mundo externo. Quando ele é inexplicavelmente solto, descobre que é acusado pelo assassinato da esposa e embarca numa missão obsessiva por vingança.",XXI,MUBI,2026-07-31
407806,tt5895028,13th,A 13ª Emenda,2016,EUA,Ava DuVernay,100,Documentário,/tcKNWD6IFPPsvkpvyZ548naz0is.jpg,"Estudiosos, ativistas e políticos analisam a correlação entre a criminalização da população negra dos EUA e o boom do sistema carcerário do país.",XXI,Netflix,2026-07-31
60308,tt1210166,Moneyball,O Homem Que Mudou o Jogo,2011,EUA,Bennett Miller,133,Drama,/4yIQq1e6iOcaZ5rLDG3lZBP3j7a.jpg,"O gerente geral da Oakland A, Billy Beane, desafia o sistema e a sabedoria convencional quando é forçado a recompor sua pequena equipe com um orçamento baixo. Apesar da oposição da velha guarda, a mídia, fãs e o próprio gerente de campo, Beane – com a ajuda de um economista jovem, formado em Yale – cria uma lista de desajustados... e acaba mudando para sempre o modo como o baseball é jogado.",XXI,Max; Sony One,2026-07-31
44754,tt0466893,Margaret,Margaret,2011,EUA,Kenneth Lonergan,150,Drama,/zqBao8uRH6TQAJd13tqC22vPB76.jpg,"Uma garota de 17 anos, estudante e moradora de Nova York, se sente angustiada por achar que, sem querer, desempenhou um papel em um acidente de trânsito que tirou a vida de uma mulher. Em suas tentativas para acertar as coisas ela encontra oposição a cada passo. Dilacerada pela frustração, ela começa a brutalizar emocionalmente sua família, seus amigos, seus professores e, acima de tudo, a si mesma. Inesperadamente, ela está sendo confrontada com uma verdade fundamental: que os seus ideais de juventude estão em rota de colisão contra as realidades e compromissos do mundo adulto.",XXI,,2026-07-31
786,tt0181875,Almost Famous,Quase Famosos,2000,EUA,Cameron Crowe,122,Drama; Música,/3rrkyLYbgLj84AYvjhdcJot4JPx.jpg,"Um fã ávido por rock'n'roll consegue um trabalho na revista americana Rolling Stone, para acompanhar a banda Stillwater em sua primeira excursão pelos Estados Unidos. Porém, quanto mais ele vai se envolvendo com a banda, mais vai perdendo a objetividade de seu trabalho e logo estará fazendo parte do cenário rock dos anos 70.",XXI,Sony One,2026-07-31
25520,tt0200720,The House of Mirth,A Essência da Paixão,2000,Reino Unido / EUA,Terence Davies,140,Drama; Romance,/gCEboOrNXFmqE5pKUn42fTHZx8R.jpg,"In early 20th century New York City, an impoverished socialite desperately seeks a suitable husband as she gradually finds herself betrayed by her friends and exiled from high society.",XXI,,2026-07-31
582,tt0405094,The Lives of Others,A Vida dos Outros,2006,Alemanha,Florian Henckel von Donnersmarck,137,Drama; Thriller,/cVUDMnskSc01rdbyH0tLATTJUdP.jpg,"Georg Dreyman é o maior dramaturgo da Alemanha Oriental, sendo por muitos considerado o modelo perfeito de cidadão para o país, já que não contesta o governo nem seu regime político. Apesar disto o ministro Bruno Hempf acha por bem acompanhar seus passos, para descobrir se Dreyman tem algo a esconder. Ele passa esta tarefa para Anton Grubitz, que a princípio não vê nada de errado com Dreyman mas é alertado por Gerd Wiesler, seu subordinado, de que ele deveria ser vigiado. Grubitz passa a tarefa a Wiesler, que monta uma estrutura em que Dreyman e sua namorada, a atriz Christa-Maria Sieland, são vigiados 24 horas.",XXI,,2026-07-31
2750,tt0274309,24 Hour Party People,A Festa Nunca Termina,2002,Reino Unido,Michael Winterbottom,117,Comédia; Drama; Música,/8f50NQ1wz6hdxfCISCPV8XQ6DII.jpg,"Um retrato crítico sobre o cenário musical da década de 1980, visto através do olhar de Tony Wilson - um apresentador de TV recém-formado em Cambridge, que inspirado pelo primeiro show dos Sex Pistols em Manchester, funda a hoje mundialmente famosa, Factory Records e a Danceteria Haçienda. As bandas contratadas por ele incluíram Joy Division e The Happy Mondays, enquanto a Haçienda transformou Manchester. Tudo construído sob a filosofia comercial anárquica de Wilson - nada de contrato, só paixão, música e hedonismo - se a banda não gostar, está livre para partir. Ninguém vai embora , mas com dívidas e as ressacas pertubando os cérebros, tudo acaba ficando descontrolado. O comediante Steve Coogan interpreta Wilson em sua luta para manter-se de pé em um mundo de gênios viciados e angustiados. A trilha sonora inclui sucessos dos grupos The Happy Mondays, New Order e Joy Division.",XXI,,2026-07-31
14160,tt1049413,Up,Up: Altas Aventuras,2009,EUA,Pete Docter,96,Animação; Comédia; Família; Aventura,/mFvoEwSfLqbcWwFsDjQebn9bzFe.jpg,"Carl Fredricksen é um vendedor de balões que, aos 78 anos, está prestes a perder a casa em que sempre viveu com sua esposa, a falecida Ellie. Após um incidente, Carl é considerado uma ameaça pública e forçado a ser internado. Para evitar que isto aconteça, ele põe balões em sua casa, fazendo com que ela levante voo. Carl quer viajar para uma floresta na América do Sul, onde ele e Ellie sempre desejaram morar, mas descobre que um problema embarcou junto: Russell, um menino de 8 anos.",XXI,Disney+,2026-07-31
55,tt0245712,Amores Perros,Amores Brutos,2000,México,Alejandro González Iñárritu,154,Drama; Thriller,/A4lH22nlFF7MdalGfcvSrlC1ttt.jpg,"Em plena Cidade do México, um terrível acidente automobilístico ocorre. A partir deste momento, três pessoas envolvidas no acidente se encontram e têm suas vidas mudadas para sempre. Um deles é o adolescente Octavio, que decidiu fugir com a mulher de seu irmão, Susana, usando seu cachorro Cofi como veículo para conseguir o dinheiro para a fuga. Ao mesmo tempo, Daniel resolve abandonar sua esposa e filhas para ir viver com Valeria, uma bela modelo por quem está apaixonado. Também se envolve no acidente Chivo, um ex-guerrilheiro comunista que agora atua como matador de aluguel, após passar vários anos preso. Ali, em meio ao caos, ele encontra Cofi e vê a possibilidade de sua redenção.",XXI,MUBI,2026-07-31
375262,tt5083738,The Favourite,A Favorita,2018,Irlanda / Reino Unido,Yorgos Lanthimos,119,História; Comédia; Drama,/cwBq0onfmeilU5xgqNNjJAMPfpw.jpg,"Na Inglaterra do século XVIII, Sarah Churchill, a Duquesa de Marlborough (Rachel Weisz) exerce sua influência na corte como confidente, conselheira e amante secreta da Rainha Ana (Olivia Colman). Seu posto privilegiado, no entanto, é ameaçado pela chegada de Abigail (Emma Stone), nova criada que logo se torna a queridinha da majestade e agarra com unhas e dentes a oportunidade única.",XXI,Disney+,2026-07-31
377151,tt3652526,Fire at Sea,Fogo no Mar,2016,Itália,Gianfranco Rosi,114,Documentário,/fKZCS6IBTyGX7Sl67eMLSGHFsQn.jpg,"O filme captura a vida da ilha de Lampedusa, na costa sul da Itália. O local se tornou linha de frente na crise imigratória europeia, e virou manchete mundial nos últimos anos por ser o primeiro porto de escala para centenas de milhares de imigrantes, da África e do Oriente Médio, que tentam fazer uma nova vida no continente europeu.",XXI,Reserva Imovision,2026-07-31
1417,tt0457430,Pan's Labyrinth,O Labirinto do Fauno,2006,Espanha / México,Guillermo del Toro,118,Fantasia; Drama; Guerra,/z7xXihu5wHuSMWymq5VAulPVuvg.jpg,"Espanha, 1944. Ofelia se muda com sua mãe para uma guarnição dirigida por seu padrasto, Vidal, um capitão autoritário do exército de Franco. Perto da casa da família, a jovem descobre um estranho labirinto guardado por uma criatura, um fauno chamado Pan. O monstro revela que ela é nada menos que a princesa de um reino encantado. Para descobrir a verdade, Ofelia precisa enfrentar três provas para as quais não está preparada.",XXI,Claro tv+,2026-07-31
16646,tt0318034,Russian Ark,Arca Russa,2002,Rússia / Alemanha,Alexander Sokurov,96,Drama; Fantasia; História,/dkFM8Q7J0wNpEnbtD1AcWumkShj.jpg,"Um museu como um ser vivo, uma entidade que respira e tem personalidade própria. Sokúrov empresta alma ao colossal palacete do Hermitage, em São Petersburgo, um dos maiores museus do mundo. Arca Russa foi filmado em um único plano-seqüência, sem cortes, que dura 97 minutos e atravessa 35 salas do museu, transformando a tela de cinema em um quadro vivo por onde desfilam personagens importantes da história da Rússia: Pedro, o Grande; Catarina, a Grande; Catarina II, Nicolau e Alexandra.",XXI,,2026-07-31
27205,tt1375666,Inception,A Origem,2010,EUA / Reino Unido,Christopher Nolan,148,Ação; Ficção científica; Aventura,/xlaY2zyzMfkhk0HSC5VUwzoZPU1.jpg,"Cobb é um ladrão habilidoso que comete espionagem corporativa infiltrando-se no subconsciente de seus alvos durante o estado de sono. Impedido de retornar para sua família, ele recebe a oportunidade de se redimir ao realizar uma tarefa aparentemente impossível: plantar uma ideia na mente do herdeiro de um império. Para realizar o crime perfeito, ele conta com a ajuda do parceiro Arthur, o discreto Eames e a arquiteta de sonhos Ariadne. Juntos, eles correm para que o inimigo não antecipe seus passos.",XXI,Prime Video; Max; Telecine; Universal+,2026-07-31
119675,tt1291580,Behind the Candelabra,Minha Vida com Liberace,2013,EUA,Steven Soderbergh,118,Drama; Romance,/iodt6hrewVXxR415PIjBeuZg3Qs.jpg,"Cinebiografia do famoso pianista Liberace, que mostra os cinco anos em que o artista namorou Scott Thorson, em uma relação turbulenta que terminou com um longo processo judicial.",XXI,Max,2026-07-31
8051,tt0272338,Punch-Drunk Love,Embriagado de Amor,2002,EUA,Paul Thomas Anderson,95,Romance; Drama; Comédia,/htYp4yqFu4rzBEIa6j9jP8miDm3.jpg,"Embora suscetível a ataques violentos, o empresário Barry Egan é um homem tímido que leva uma vida solitária e tranquila. No entanto, vários eventos ocorrem e mudam sua vida, como apaixonar-se por uma colega de trabalho da sua irmã, Lena Leonard. Porém, o romance é ameaçado quando Egan é vítima de um chantagista.",XXI,,2026-07-31
443463,tt3892172,Leave No Trace,Sem Rastros,2018,EUA,Debra Granik,109,Drama,/sygnLx3sZV5P8M2dyaGRegHdEL1.jpg,"Will e sua filha adolescente, Tom, viveram felizes e indetectados pelas autoridades durante anos em uma vasta reserva na fronteira de Portland, nos EUA. Após um encontro inesperado, eles são retirados do acampamento e colocados sob a responsabilidade do serviço social. Will e Tom tentam retornar ao mundo selvagem enquanto são forçados a lidar com desejos conflitantes.",XXI,,2026-07-31
13785,tt0218839,Best in Show,O Melhor do Show,2000,EUA,Christopher Guest,90,Comédia,/2SqHjWWqfJjQE6zLCbQR9HMla4Q.jpg,"A tensão é palpável, a empolgação crescente e o cheiro de competição está no ar, à medida que centenas de competidores dos EUA se preparam para participar do Mayflower Dog Show.",XXI,,2026-07-31
9364,tt1181614,Wuthering Heights,O Morro dos Ventos Uivantes,2011,Reino Unido,Andrea Arnold,129,Drama; Romance,/7gEcoCve3lmPOIPRp54K73b6rDv.jpg,"Heathcliff, um garoto pobre, é acolhido por um fazendeiro que vive com a família nos isolados montes de Yorkshire. Ali, Heathcliff desenvolve uma relação intensa e obsessiva com a irmã adotiva, Cathy. À medida que crescem, o amor impossível entre eles deixa cicatrizes profundas em suas famílias.",XXI,,2026-07-31
473033,tt5727208,Uncut Gems,Joias Brutas,2019,EUA,Benny & Josh Safdie,135,Drama; Thriller; Crime,/6XN1vxHc7kUSqNWtaQKN45J5x2v.jpg,"Howard Ratner é um joalheiro carismático de Nova York que está sempre tentando ganhar mais dinheiro. Depois que faz uma série de apostas arriscadas, parece que o futuro vai sorrir para ele. Mas, em sua busca pela bolada final, Howard precisará de uma atuação perfeita para equilibrar negócios, família e os inimigos que estão cada vez mais próximos.",XXI,Netflix,2026-07-31
117691,tt1954470,Gangs of Wasseypur,Gangues de Wasseypur - Parte 1,2012,Índia,Anurag Kashyap,321,Ação; Thriller; Crime,/4nbvLoPDftqXV14w5Mv14iqgVrt.jpg,"Uma saga delirante que segue o destino de duas gangues por três gerações na sua luta ferrenha para dominar as negociatas das indústrias de carvão e de ferro velho na área de Wasseypur, tendo como pano de fundo as mudanças políticas e sociais da Índia, a sombra contínua da corrupção e a obsessão local pelo cinema do Bollywood. Na segunda parte da saga a guerra já envolve o internet, a manipulação das eleições e assaltos mas o motivo de vingança que move os personagens leva a um desfecho sangrento.",XXI,,2026-07-31
72105,tt1637725,Ted,Ted,2012,EUA,Seth MacFarlane,106,Comédia; Fantasia,/1QVZXQQHCEIj8lyUhdBYd2qOYtq.jpg,"Quando criança, John desejou que seu ursinho Ted ganhasse vida e, surpreendentemente, foi atendido. Porém, agora que é adulto, ele precisa lidar com as consequências de seu pedido, já que Ted não vai parar de atormentar a sua vida.",XXI,Prime Video; Globoplay; Universal+,2026-07-31
244786,tt2582802,Whiplash,Whiplash: Em Busca da Perfeição,2014,EUA,Damien Chazelle,107,Drama; Música; Thriller,/7fn624j5lj3xTme2SgiLCeuedmO.jpg,"Andrew sonha em ser o melhor baterista de sua geração. Ele chama a atenção do impiedoso mestre do jazz Terence Fletcher, que ultrapassa os limites e transforma seu sonho em uma obsessão, colocando em risco a saúde física e mental do jovem músico.",XXI,Max; Sony One,2026-07-31
473019,tt6920356,The Souvenir,O Souvenir,2019,Reino Unido,Joanna Hogg,119,Drama; Romance,/2Nj04HsZ0lNkv07JnfBZ0bAIECn.jpg,"Situado nos anos 80, o longa mostrará a história de uma jovem estudante de cinema, que se envolve em seu primeiro caso de amor sério e tenta separar os fatos da ficção no relacionamento com um homem complicado e pouco confiável.",XXI,,2026-07-31
24,tt0266697,Kill Bill: Vol. 1,Kill Bill: Volume 1,2003,EUA,Quentin Tarantino,111,Ação; Crime,/v7TaX8kXMXs5yFFGR41guUDNcnB.jpg,"A ex-assassina conhecida apenas como ""A Noiva"" acorda de um coma de quatro anos decidida a se vingar de Bill, seu ex-amante e chefe, que tentou matá-la no dia do casamento. Ela está motivada a acertar as contas com cada uma das pessoas envolvidas com a perda da filha, da festa de casamento e dos quatro anos da sua vida. Na jornada, ""A Noiva"" é submetida a dores físicas agoniantes ao enfrentar a inescrupulosa gangue de Bill, o Esquadrão Assassino de Víboras Mortais.",XXI,Netflix; Sony One,2026-07-31
47226,tt0308363,Waiting for Happiness (Heremakono),Heremakono,2002,Mauritânia / França,Abderrahmane Sissako,95,Drama,/zmGW0vR7yaiyo9dAaxD26PuY33n.jpg,"Before immigrating to the West, Abdallah travels to the coastal city of Nouadhibou, Mauritania, to visit his mother. Although he grew up there, Abdallah feels anything but at home in his old neighborhood: he can no longer speak the local dialect and he wears western clothes that immediately cast him as an outsider. But, as Abdallah spends time with a young boy and an elderly electrician, he can't help but feel a sense of loss for the life he's abandoning.",XXI,,2026-07-31
77,tt0209144,Memento,Amnésia,2000,EUA,Christopher Nolan,113,Mistério; Thriller,/nzlv62aC0octS5AklAiWpXLX9Z0.jpg,"Leonard está caçando o homem que estuprou e matou sua esposa. Ele tem dificuldades em encontrar o assassino pois sofre de uma forma intratável de perda de memória. Mesmo que ele possa lembrar detalhes da vida antes do acidente, Leonard não consegue lembrar o que aconteceu quinze minutos atrás, onde está indo ou a razão.",XXI,Looke; Oldflix; Claro tv+; Filmelier+; Universal+; Lionsgate+s,2026-07-31
71859,tt1242460,We Need to Talk About Kevin,Precisamos Falar Sobre o Kevin,2011,Reino Unido / EUA,Lynne Ramsay,112,Drama; Thriller,/AtdYbs1SqYwFOLyi2v6ldVTawbn.jpg,"Eva nunca quis ser mãe, mas põe suas ambições profissionais de lado para dar a luz à Kevin. A relação entre os dois, porém, é muito complicada desde o começo. Quando Kevin chega aos 15 anos toma uma atitude irracional e imperdoável, cometendo um assassinato em massa em sua escola.",XXI,Prime Video; MUBI,2026-07-31
773,tt0449059,Little Miss Sunshine,Pequena Miss Sunshine,2006,EUA,Jonathan Dayton & Valerie Faris,101,Comédia; Drama,/niNdhTpPHSgw22tK0PLjQMV640v.jpg,"Nenhuma família é verdadeiramente normal, mas a família Hoover extrapola. O pai desenvolveu um método de auto-ajuda que é um fracasso, o filho mais velho fez voto de silêncio, o cunhado é um professor suicida e o avô foi expulso de uma casa de repouso por usar heroína. Nada funciona para o clã, até que a filha caçula, a desajeitada Olive (Abigail Breslin), é convidada para participar de um concurso de beleza para meninas pré-adolescentes. Durante três dias eles deixam todas as suas diferenças de lado e se unem para atravessar o país numa kombi amarela enferrujada.",XXI,Disney+,2026-07-31
9806,tt0317705,The Incredibles,Os Incríveis,2004,EUA,Brad Bird,115,Ação; Aventura; Animação; Família,/2LqaLgk4Z226KkgPJuiOQ58wvrm.jpg,"Beto Pêra e sua mulher Helena estavam entre os maiores super-heróis do mundo, salvando inúmeras vidas e combatendo o mal diariamente. Quinze anos depois, eles foram forçados a adotar novas identidades e a mudar-se para o subúrbio, onde vivem como cidadãos comuns com seus três filhos, Violeta, Flecha e Zezé. Louco para voltar à ação, Beto tem a sua chance quando uma misteriosa ligação o intima a comparecer a uma ilha distante para receber uma missão ultra-secreta. Ele logo descobre que só uma família inteira de super-heróis será capaz de salvar o mundo e impedir sua total destruição.",XXI,Disney+,2026-07-31
210577,tt2267998,Gone Girl,Garota Exemplar,2014,EUA,David Fincher,149,Mistério; Thriller; Drama,/ts996lKsxvjkO2yiYG0ht4qAicO.jpg,"Amy Dunne desaparece no dia do seu aniversário de casamento, deixando o marido Nick em apuros. Ele começa a agir descontroladamente, abusando das mentiras, e se torna o suspeito número um da polícia. Com o apoio da sua irmã gêmea, Margo, Nick tenta provar a sua inocência e, ao mesmo tempo, procura descobrir o que aconteceu com Amy.",XXI,Disney+; Universal+,2026-07-31
481432,tt6752992,Happy as Lazzaro,Lazzaro Felice,2018,Itália / França / Suíça / Alemanha,Alice Rohrwacher,128,Drama; Fantasia,/j4x1O6G0cbchHQwNsEZ0DntOJMJ.jpg,"Neste leitura livre da história bíblica, Lazzaro (Adriano Tardiolo) é um garoto pobre e pouco inteligente, mas extremamente bondoso. Ele é explorado pelos familiares, fazendo trabalhos forçados diariamente, além de colaborar com a marquesa, proprietária das terras onde vivem. No entanto, após uma tragédia, Lazzaro retorna à vida no século XXI. Ele não compreende mais a lógica deste mundo, mas pretende reencontrar a sua família e viver como antigamente.",XXI,Netflix,2026-07-31
872585,tt15398776,Oppenheimer,Oppenheimer,2023,EUA / Reino Unido,Christopher Nolan,180,Drama; História,/8Gxv8gSFCU0XGDykEGv7zR1n2ua.jpg,"A história do físico americano J. Robert Oppenheimer, seu papel no Projeto Manhattan e no desenvolvimento da bomba atômica durante a Segunda Guerra Mundial, e o quanto isso mudaria a história do mundo para sempre.",XXI,Claro tv+; Universal+,2026-07-31
314365,tt1895587,Spotlight,Spotlight: Segredos Revelados,2015,EUA,Tom McCarthy,128,Drama; História,/8DPGG400FgaFWaqcv11n8mRd2NG.jpg,"Um grupo de jornalistas do Spotlight descobre documentos que provam crimes sexuais cometidos por padres contra crianças. Eles preparam uma série de reportagens reveladoras, evidenciando os abusos cometidos por sacerdotes da Igreja Católica.",XXI,Netflix; Claro tv+,2026-07-31
38810,tt1379182,Dogtooth,Dente Canino,2009,Grécia,Yorgos Lanthimos,96,Drama,/cBrhzHcOxXclTItkPzsJUCTSFyl.jpg,"Em um esforço para proteger seus filhos da influência negativa do mundo exterior, um casal transforma sua casa em um complexo fechado de privação cultural. Quando o pai convida um visitante de confiança para sua casa, a realidade deles começa a desmoronar gerando consequências devastadoras.",XXI,MUBI; Reserva Imovision,2026-07-31
817758,tt14444726,TÁR,TÁR,2022,EUA,Todd Field,158,Música; Drama,/dRVAlaU0vbG6hMf2K45NSiIyoUe.jpg,"Situado no mundo internacional da música clássica, a cinebiografia centra-se em Lydia Tár (Cate Blanchett). Amplamente considerada uma das maiores compositoras/regentes vivas e a primeira maestrina chefe de uma grande orquestra alemã.",XXI,,2026-07-31
245700,tt2473794,Mr. Turner,Sr. Turner,2014,Reino Unido / França / Alemanha,Mike Leigh,150,História; Drama,/rnVhl1PFSOoW5c6UhZJZt5TV98p.jpg,"""Sr. Turner"" explora o último quarto de século da vida do ótimo e excêntrico pintor britânico JMW Turner (1775-1851). Profundamente afetado pela morte de seu pai, amado por sua governanta que ele ocasionalmente explora sexualmente, ele cria uma relação estreita com uma senhoria à beira-mar com quem ele eventualmente vive incógnito no Chelsea, onde ele morre. Enquanto tudo isso acontece ele viaja, pinta, convive com a aristocracia do país, visita bordéis, é um membro popular e anárquico da Royal Academy of Arts, se faz amarrar ao mastro de um navio para que possa pintar uma tempestade de neve e é, ao mesmo tempo, celebrado e insultado pelo público e pela realeza.",XXI,,2026-07-31
346648,tt4468740,Paddington 2,As Aventuras de Paddington 2,2017,Reino Unido / França,Paul King,103,Aventura; Comédia; Família,/1OJ9vkD5xPt3skC6KguyXAgagRZ.jpg,"Após ser adotado pela família Brown, Paddington ganhou muita popularidade na comunidade de Windsor Gardens. No aniversario de 100 anos de sua tia Lucy, esse simpático ursinho sai em busca do presente perfeito e acaba encontrando um livro único na loja de antiguidades do senhor Gruber. Paddington se submete a uma série de trabalhos bizarros para poder comprá-lo, e quando o livro é roubado, ele e sua família farão de tudo para encontrar o ladrão.",XXI,MGM+; Universal+,2026-07-31
13310,tt1139797,Let the Right One In,Deixa Ela Entrar,2008,Suécia,Tomas Alfredson,114,Terror; Drama,/7IG4WjaAOVDlLvLUkh513HSwhW8.jpg,"Oskar é um garoto só. Na escola ele sempre é provocado por outros garotos e, incapaz de reagir. Um dia, ele conhece Eli, uma garota pálida e solitária, que se mudou recentemente, com seu suposto pai. Apesar do temor em se aproximar de Oskar, logo Eli se torna sua amiga. Paralelamente, uma série de assassinatos macabros acontecem, em que o sangue das vítimas é retirado. Eli está envolvida com estes fatos, de uma forma que Oskar jamais poderia imaginar.",XXI,,2026-07-31
517814,tt8267604,Capernaum,Cafarnaum,2018,Líbano / França,Nadine Labaki,126,Drama,/mFnfTVADj8yOxwzprYOmTPselk8.jpg,"Aos doze anos, Zain carrega uma série de responsabilidades: é ele quem cuida de seus irmãos no cortiço em que vive junto com os pais, que estão sempre ausentes graças ao trabalho em uma mercearia. Quando sua irmã de onze é forçada a se casar com um homem mais velho, o menino fica extremamente revoltado e decide deixar a família. Ele passa a viver nas ruas junto aos refugiados e outras crianças que, diferentemente dele, não chegaram lá por conta própria. Sobrevive graças à sua esperteza nas ruas, cuida da refugiada etíope Rahil e seu bebê Yonas. É preso por um crime violento e, enquanto cumpria uma pena de cinco anos, ele processa seus pais por negligência.",XXI,Sony One,2026-07-31
8885,tt1185616,Waltz with Bashir,Valsa com Bashir,2008,Israel / França / Alemanha,Ari Folman,90,Animação; Documentário; Drama; Guerra,/zQaCv7lKwHsh0YSHkt1QNjIOZ1c.jpg,"Em um bar, um amigo conta ao diretor Ari Folman sobre um sonho constante que tem, no qual é perseguido por 26 cães ferozes. Através da conversa, eles concluem que a imagem tem ligação com sua missão na 1ª Guerra do Líbano, no início dos anos 1980, quando defendia o exército de Israel. Como Ari nada se lembra do evento, ele passa a buscar e entrevistar seus velhos companheiros da época.",XXI,,2026-07-31
258480,tt2402927,Carol,Carol,2015,EUA / Reino Unido,Todd Haynes,118,Romance; Drama,/cJeled7EyPdur6TnCA5GYg0UVna.jpg,"Therese Belivet tem um emprego entediante em uma loja de departamentos. Um dia, ela conhece Carol, uma elegante e misteriosa cliente. Rapidamente, as duas mulheres desenvolvem um vínculo amoroso que terá consequências sérias.",XXI,Prime Video; Claro tv+,2026-07-31
296360,tt3068194,Love & Friendship,Amor e Amizade,2016,Irlanda / Reino Unido / França,Whit Stillman,92,Drama; Romance; Comédia,/ptpdUQiRjeHgE1dmpCd38N64ENV.jpg,"Século XVIII. A bela viúva Lady Susan Vernon foge das fofocas sobre seus casos amorosos buscando refúgio na fazenda dos antigos sogros. Lá reflete sobre a vida e decide arranjar um novo marido para si e um bom pretendente para a filha, Frederica.",XXI,Prime Video,2026-07-31
2062,tt0382932,Ratatouille,Ratatouille,2007,EUA,Brad Bird,111,Animação; Comédia; Família; Fantasia,/t3vaWRPSf6WjDSamIkKDs1iQWna.jpg,"Remy, morador de Paris, aprecia boa comida e tem um paladar bastante sofisticado. Ele adoraria se tornar um chef para poder criar e desfrutar de obras-primas culinárias para o deleite de seu coração. O único problema é que Remy é um rato. Quando acaba no esgoto debaixo de um dos melhores restaurantes de Paris, o roedor gourmet encontra-se na posição ideal para realizar o seu sonho.",XXI,Disney+,2026-07-31
394117,tt5649144,The Florida Project,Projeto Flórida,2017,EUA,Sean Baker,111,Drama,/5QnDxdJg1fi6uMSkSi4x8tHsltm.jpg,"Durante as férias de verão, um grupo de crianças, liderado por uma menina de apenas seis anos, mas muito precoce, vive diversas aventuras em um mundo que se abre cheio de possibilidades e maravilhas.. Enquanto isso, os seus pais e os adultos ao seu redor passam por uma jornada completamente distinta, em tempos difíceis.",XXI,Diamond Films,2026-07-31
205220,tt2431286,Philomena,Philomena,2013,Reino Unido / França,Stephen Frears,98,Drama,/eBUv2GmGdXmCk1AaSOmyiu70hN8.jpg,"Irlanda, 1952. Philomena Lee é uma jovem que tem um filho recém-nascido quando é mandada para um convento. Sem poder levar a criança, ela o dá para adoção. A criança é adotada por um casal americano e some no mundo. Após sair do convento, Philomena começa uma busca pelo seu filho, junto com a ajuda de Martin Sixsmith, um jornalista de temperamento forte. Ao viajar para os Estados Unidos, eles descobrem informações incríveis sobre a vida do filho de Philomena e criam um intenso laço de afetividade entre os dois.",XXI,Claro tv+,2026-07-31
86837,tt1602620,Amour,Amor,2012,Áustria / França / Alemanha,Michael Haneke,127,Drama; Romance,/19hyCudualHxCD0GrEngqsi0wBF.jpg,"Georges e Anne são um casal de aposentados que costumavam dar aulas de música. Eles têm uma filha musicista que vive com marido e filhos em um país estrangeiro. Certo dia, Anne sofre um derrame e fica com um lado do corpo paralisado. O casal de idosos passa por graves obstáculos, que colocarão o seu amor em teste.",XXI,Reserva Imovision,2026-07-31
14633,tt0301978,Ten,Dez,2002,Irã / França,Abbas Kiarostami,94,Drama,/6qOJ6COcbJ3X8JmZI6A7VroGsn2.jpg,"""Dez"" mostra dez momentos da vida de uma mulher no Irã contemporâneo. Ela está organizando uma festa para comemorar o aniversário de seu segundo marido, enquanto precisa lidar com o filho - que a culpa pelo fim do primeiro casamento - e outras atividades do dia-a-dia.",XXI,,2026-07-31
134,tt0190590,"O Brother, Where Art Thou?","E Aí, Meu Irmão, Cadê Você?",2000,EUA / Reino Unido / França,Joel & Ethan Coen,107,Aventura; Comédia; Crime,/2YztYilviFCYcEtDAnrOstUWGie.jpg,"Ulysses Everett McGill está tendo dificuldade para se ajustar a sua pena de trabalhos forçados no Mississippi. Ele consegue fugir da cadeia junto com Delmar e o desajustado Pete. O trio prepara-se, então, para ir atrás de uma fortuna em tesouros enterrados. Sem nada a perder e ainda com as algemas, eles vivem uma incrível aventura.",XXI,,2026-07-31
545611,tt6710474,Everything Everywhere All at Once,Tudo em Todo o Lugar ao Mesmo Tempo,2022,EUA,Daniel Kwan & Daniel Scheinert,139,Ação; Aventura; Ficção científica,/u68AjlvlutfEIcpmbYpKcdi09ut.jpg,"Uma imigrante chinesa parte rumo a uma aventura onde, sozinha, precisará salvar o mundo, explorando outros universos e outras vidas que poderia ter vivido. Contudo, as coisas se complicam quando ela fica presa nessa infinidade de possibilidades sem conseguir retornar para casa.",XXI,Prime Video; Max; Claro tv+; Diamond Films,2026-07-31
965150,tt19770238,Aftersun,Aftersun,2022,Reino Unido / EUA,Charlotte Wells,101,Drama,/evKz85EKouVbIr51zy5fOtpNRPg.jpg,"Em um resort decadente, Sophie, de 11 anos, aproveita o raro tempo com seu pai amoroso e idealista, Calum. Vinte anos depois, as lembranças de Sophie de suas últimas férias se tornam um retrato poderoso e doloroso do relacionamento deles.",XXI,MUBI,2026-07-31
2011,tt0808417,Persepolis,Persépolis,2007,França / EUA,Marjane Satrapi / Vincent Paronnaud,96,Animação; Drama,/aU8i2QAdTyRR1nYb36Gq51xXP8p.jpg,"Marjane é uma jovem iraniana de oito anos, que sonha em ser uma profetisa do futuro, para assim salvar o mundo. Querida pelos pais cultos e modernos e adorada pela avó, ela acompanha avidamente os acontecimentos que conduzem à queda do xá e de seu regime brutal. A entrada da nova República Islâmica inaugura a era dos “Guardiões da Revolução”, que controlam como as pessoas devem agir e se vestir. Marjane, que agora deve usar véu, deseja se transformar numa revolucionária. Mas, para tentar protegê-la, seus pais a enviam para a Áustria.",XXI,,2026-07-31
641,tt0180093,Requiem for a Dream,Réquiem para um Sonho,2000,EUA,Darren Aronofsky,102,Crime; Drama,/9BTwsLaMVHOGFlmsSlx5QYCaXb.jpg,"Sara Goldfarb é uma viúva aposentada que vive em um pequeno apartamento. Ela passa a maior parte do tempo assistindo à TV, especialmente a um programa específico de autoajuda. Ela tem a ilusão de superar sua atual existência monótona sendo convidada para esse programa. Seu filho, Harry, é viciado em drogas, mas junto com seu amigo Tyrone tem visões de se tornar um grande traficante de drogas. A namorada de Harry, Marion, poderia ser designer de moda ou artista, mas é arrastada para o mundo das drogas de Harry. Enquanto isso, Sara desenvolveu seu próprio vício. Ela quer desesperadamente perder peso e, por isso, entra em um curso intensivo que envolve o consumo de pílulas, pílulas essas que se revelam muito viciantes e prejudiciais ao seu estado mental.",XXI,Filmelier+; Lionsgate+s,2026-07-31
44214,tt0947798,Black Swan,Cisne Negro,2010,EUA,Darren Aronofsky,108,Drama; Thriller; Terror,/viWheBd44bouiLCHgNMvahLThqx.jpg,"Nina é uma bailarina cuja obsessão pela dança supera todas as facetas de sua vida. Quando o diretor artístico da companhia decide substituir sua prima ballerina para a produção de estreia de ""O Lago dos Cisnes"", Nina é sua primeira escolha. Sua concorrente é a novata Lily. Embora Nina seja perfeita para o papel do Cisne Branco, Lily personifica o Cisne Negro. A rivalidade entre as duas bailarinas se transforma em uma amizade distorcida e o lado obscuro de Nina começa a vir à tona.",XXI,Disney+,2026-07-31
128216,tt2366450,Stories We Tell,Stories We Tell,2012,Canadá,Sarah Polley,108,Documentário,/aVDtDW3qP0je1Cy87GDfijG9W4c.jpg,"Canadian actress and filmmaker Sarah Polley investigates certain secrets related to her mother, interviewing a group of family members and friends whose reliability varies depending on their implication in the events, which are remembered in different ways; so a trail of questions remains to be answered, because memory is always changing and the discovery of truth often depends on who is telling the tale.",XXI,Filmicca,2026-07-31
11447,tt0208990,The Son's Room,O Quarto do Filho,2001,Itália / França,Nanni Moretti,99,Drama,/e9s1Hvw9TcVZspbkq2V8Bmvhky1.jpg,"Giovanni (Nanni Moretti) é um psicanalista que reside e trabalha na cidade de Ancona, na Itália. Ele é casado com Paola (Laura Morante) e tem dois filhos: a menina Irene (Jasmine Trinca) e o jovem Andrea (Giuseppe Sanfelice). Sua vida transcorre tranqüila, dividida entre a família e o consultório, até que uma tragédia a transtorna completamente. Para atender ao chamado urgente de um paciente, Giovanni deixa de acompanhar o filho à praia e nesse passeio o rapaz morre afogado. A família, é claro, ressente-se profundamente com a morte e Giovanni sofre uma forte sensação de remorso, apesar do apoio da esposa.",XXI,,2026-07-31
86829,tt2042568,Inside Llewyn Davis,Inside Llewyn Davis: Balada de um Homem Comum,2013,EUA / França,Joel & Ethan Coen,104,Drama; Música,/nNxK3pC3DMpPpWKMvo2p3liREVT.jpg,"Llewyn Davis é um cantor e compositor que sonha em viver da sua música. Com o violão nas costas, ele migra de um lugar para o outro na Nova York dos anos 60, sempre vivendo de favor na casa de amigos e outros artistas. Talentoso, mas sem se preocupar muito com o futuro. Nem um pouco confiável, Davis se depara com a oportunidade de viajar na companhia de um consagrado e desagradável artista, Roland, mas nem tudo vai acabar bem nesta nova jornada.",XXI,,2026-07-31
11534,tt0381668,Tropical Malady,Mal dos Trópicos,2004,Tailândia / França / Alemanha / Itália,Apichatpong Weerasethakul,118,Drama; Romance; Fantasia,/9WJ8ZSZp2NC7jSvweFLskldpzzg.jpg,O relacionamento apaixonado entre dois homens com consequências incomuns. O filme é dividido em duas partes. A primeira metade registra a modesta atração entre dois homens na paisagem ensolarada e relaxante e a segunda metade registra a confusão e o terror de uma ameaça desconhecida oculta nas sombras da selva.,XXI,,2026-07-31
62215,tt1527186,Melancholia,Melancolia,2011,Dinamarca / Suécia / França / Alemanha,Lars von Trier,136,Drama; Ficção científica,/fMneszMiQuTKY8JUXrGGB5vwqJf.jpg,"Quando Justine chega para a recepção de seu casamento na mansão da irmã, recomeça a batalha contra seus demônios internos. Seu comportamento ameaça arruinar a festa e as tensões familiares aumentam. Mas quando o planeta rebelde Melancolia aparece no céu, Justine sabe que ele destruirá a Terra.",XXI,MUBI,2026-07-31
491584,tt7282468,Burning,Em Chamas,2018,Coreia do Sul,Lee Chang-dong,148,Mistério; Drama; Thriller,/kXiF80o74fE9gf3Utf9moAI7ar0.jpg,"Durante um dia normal de trabalho como entregador, Jong-Soo reencontra Hae-Mi, uma antiga amiga que vivia no mesmo bairro que ele. A jovem está com uma viagem marcada para o exterior e pede para Jong-Soo cuidar de seu gato de estimação enquanto está longe. Hae-Mi volta para casa na companhia de Ben, um jovem misterioso que conheceu na África. No entanto, o forasteiro tem um hobby peculiar, que está prestes a ser revelado aos amigos.",XXI,Belas Artes à La Carte,2026-07-31
666277,tt13238346,Past Lives,Vidas Passadas,2023,EUA / Coreia do Sul,Celine Song,106,Drama; Romance,/k3waqVXSnvCZWfJYNtdamTgTtTA.jpg,"Nora e Hae Sung são amigos de infância profundamente conectados que se separam quando a família de Nora emigra da Coreia do Sul. Duas décadas depois, se reencontram em Nova York numa semana fatídica enquanto confrontam noções de destino, amor e as escolhas que fazem uma vida, neste romance moderno comovente.",XXI,Netflix; Telecine,2026-07-31
1116,tt0460989,The Wind That Shakes the Barley,Ventos da Liberdade,2006,Irlanda / Reino Unido / Alemanha,Ken Loach,127,Drama; Guerra,/yCb4LweL6U7KTgSda3Wb7vHiA9J.jpg,"Irlanda, 1920. O povo se une para formar exércitos de guerrilha voluntários e enfrentar a cruel Polícia Real Irlandesa vinda da Grã-Bretanha para impedir o movimento independentista. Damien abandona sua carreira promissora como médico e se junta ao irmão Teddy na violenta luta pela liberdade.",XXI,,2026-07-31
120,tt0120737,The Lord of the Rings: The Fellowship of the Ring,O Senhor dos Anéis: A Sociedade do Anel,2001,Nova Zelândia / EUA,Peter Jackson,178,Aventura; Fantasia; Ação,/6oom5QYQ2yQTMJIbnvbkBL9cHo6.jpg,"Após herdar um anel de seu tio, o hobbit Frodo participa da missão de salvar a Terra-Média do perverso Sauron. Ele precisa conduzir o Um Anel até a Montanha da Perdição e destruí-lo para sempre e, para isso, conta com a aliança de oito bravos companheiros contando com um mago, três hobbits, um elfo, um anão e dois homens.",XXI,Netflix; Max; Claro tv+,2026-07-31
8882,tt0929425,Gomorrah,Gomorra,2008,Itália,Matteo Garrone,137,Drama; Crime,/3XcCTqSovFZE5GRebJmh1kHwziw.jpg,"Toto (Salvatore Abruzzese) tem 13 anos e trabalha como mensageiro de um grupo de traficantes de drogas e armas. Pasquale (Salvatore Cantalupo), alfaiate contratado secretamente por chineses para formar operários, descobre subitamente que sua vida corre perigo. Don Ciro (Gianfelice Imparato) é responsável por levar dinheiro a famílias cujos membros estão presos ou mortos. Como eles, outros tantos habitantes de Nápoles e da região da Campanha têm suas vidas regidas pela Camorra, a tradicional máfia local que alimenta uma espiral de violência sem fim. Painel brutal e perturbador da máfia napolitana, uma das mais sangrentas e lucrativas da Itália atual.",XXI,,2026-07-31
44379,tt0247380,The Gleaners and I,Os Catadores e Eu,2000,França,Agnès Varda,82,Documentário,/6IdCTKi4Eu7i897jpe59wIDGCri.jpg,"A partir de um célebre quadro de Millet, o filme de Agnès Varda é um olhar sobre a persistência na sociedade contemporânea dos respigadores, aqueles que vivem da recuperação de coisas (detritos, sobras) que os outros não querem ou deixam para trás. A respigadora, nesse sentido é Agnès Varda, que experimentando pela primeira vez uma pequena câmara digital, se quer assumir como uma ""recuperadora"" das imagens que os outros não querem ver nem fazer, e que portanto deixam para trás.",XXI,DocAlliance Films,2026-07-31
194101,tt2304426,The Selfish Giant,The Selfish Giant,2013,Reino Unido,Clio Barnard,91,Drama,/5Bj6Oku5o7mcqZHMn6sZM1ifMhd.jpg,"A hyperactive boy and his best friend, a slow-witted youth with an affinity for horses, start collecting scrap metal for a shady dealer.",XXI,,2026-07-31
157336,tt0816692,Interstellar,Interestelar,2014,EUA / Reino Unido,Christopher Nolan,169,Aventura; Drama; Ficção científica,/yQvGrMoipbRoddT0ZR8tPoR7NfX.jpg,"As reservas naturais da Terra estão chegando ao fim e um grupo de astronautas recebe a missão de verificar possíveis planetas para receberem a população mundial, possibilitando a continuação da espécie. Cooper é chamado para liderar o grupo e aceita a missão sabendo que pode nunca mais ver os filhos. Ao lado de Brand, Jenkins e Doyle, ele seguirá em busca de um novo lar.",XXI,Max; Claro tv+,2026-07-31
283330,tt3090634,Eden,Eden,2014,França,Mia Hansen-Løve,131,Drama; Música,/9Cy49FxqqcW4ybj1EWtTaahRIRv.jpg,"Quando você inicia uma revolução, o ritmo mais difícil de encontrar é o seu próprio.  Paul, um adolescente na cena underground da Paris do início dos anos noventa, forma um coletivo de DJs com seus amigos e juntos mergulham na vida noturna de sexo, drogas e música sem fim.",XXI,Reserva Imovision,2026-07-31
121986,tt2347569,Frances Ha,Frances Ha,2013,EUA,Noah Baumbach,86,Comédia; Drama,/jrq1NoKvsxWCcffVOjegiYwloFN.jpg,"Frances (Greta Gerwig) é a ambiciosa aprendiz de uma companhia de dança, que tem que se contentar com muito menos sucesso e reconhecimento do que ela gostaria. Mesmo assim, ela encara a vida de maneira leve e otimista. Esta fábula moderna explora temas como a juventude, a amizade, a luta de classes e o fracasso.",XXI,,2026-07-31
5168,tt0318202,Être et Avoir,Ser e Ter,2002,França,Nicolas Philibert,104,Documentário,/mqB5QPNCmbF8DgsZqmyGQAGktUE.jpg,"Na região rural francesa, o professor Georges Lopez educa 12 crianças. Durante um ano, ele dá aulas em uma sala com as ferramentas tradicionais do ensino francês. À medida que as estações passam, Lopez deve disciplinar seus alunos enquanto treina os mais velhos para os exames finais.",XXI,,2026-07-31
5817,tt0445336,"You, the Living","Vocês, Os Vivos",2007,Suécia / França / Alemanha / Noruega / Dinamarca,Roy Andersson,95,Drama; Comédia; Música,/j4FAPvqjqUvs1YrQi76p6fIDRUB.jpg,"Filme sobre a humanidade, sua grandeza, alegria e tristeza, sua auto-confiança e ansiedade, o seu desejo de amar e ser amado.",XXI,,2026-07-31
4566,tt0465538,Michael Clayton,Conduta de Risco,2007,EUA,Tony Gilroy,119,Drama; Thriller; Crime,/hhkW4yVIGo8Bee3UITKvqOvhNMG.jpg,"Michael Clayton trabalha em uma das maiores firmas de advocacia de Nova York, resolvendo erros de seus clientes. Apesar de cansado e infeliz, dívidas não permitem que ele deixe o emprego. Quando o principal advogado da empresa sofre um colapso e tenta sabotar casos de um cliente, Clayton é enviado para solucionar o problema e percebe a pessoa que se tornou.",XXI,,2026-07-31
180,tt0181689,Minority Report,Minority Report: A Nova Lei,2002,EUA,Steven Spielberg,145,Ficção científica; Ação; Thriller,/ccqpHq5tk5W4ymbSbuoy4uYOxFI.jpg,"Não há crimes em Washington D.C. há seis anos, graças a impressionante tecnologia que identifica os assassinos antes que eles possam cometer seus crimes. Mas quando o próprio chefe da Divisão de Pré-Crime é acusado de um futuro assassinato, ele tem apenas 36 horas para descobrir quem está querendo destruí-lo ou tornar-se-á uma vítima do sistema ""perfeito"" que ele ajudou a criar.",XXI,Paramount+,2026-07-31
660120,tt10370710,The Worst Person in the World,A Pior Pessoa do Mundo,2021,Noruega / França / Suécia / Dinamarca,Joachim Trier,128,Drama; Romance; Comédia,/1NxGNQchGBTHXJ6RShLY1IlZqWn.jpg,"Narra quatro anos na vida de Julie, uma jovem mulher navegando como águas turbulentas de sua vida amorosa e lutando para encontrar seu caminho profissional, o que a leva a ver quem ela realmente é.",XXI,Prime Video; Diamond Films,2026-07-31
458342,tt5536610,Private Life,Mais Uma Chance,2018,EUA,Tamara Jenkins,123,Drama; Comédia,/ljym9jQlw1HypwZxlfsjuWcjQV8.jpg,"Eles querem muito um filho, mas, aos 40 e tantos anos, não conseguem conceber. Quando as opções parecem ter acabado, a chegada de uma sobrinha traz novas esperanças.",XXI,Netflix,2026-07-31
284054,tt1825683,Black Panther,Pantera Negra,2018,EUA,Ryan Coogler,134,Ação; Aventura; Ficção científica,/uxzzxijgPIY7slzFvMotPv8wjKA.jpg,"O príncipe T'Challa retorna a Wakanda para ser coroado rei. Assumindo o manto de Pantera Negra, ele vai à caça de um vilão que roubou um precioso metal de seu país.",XXI,Disney+,2026-07-31
1777,tt0361596,Fahrenheit 9/11,Fahrenheit 11 de Setembro,2004,EUA,Michael Moore,122,Documentário,/cZ7M343iuiMDc36fSeSm699XQFv.jpg,"O diretor Michael Moore investiga como os Estados Unidos se tornaram alvo de terroristas, a partir dos eventos ocorridos no atentado de 11 de setembro de 2001. Os paralelos entre as duas gerações da família Bush que já comandaram o país e ainda as relações entre o atual Presidente americano, George W. Bush, e Osama Bin Laden.",XXI,,2026-07-31
501,tt0427312,Grizzly Man,O Homem-Urso,2005,EUA,Werner Herzog,100,Documentário,/zuZWpcuye25rpsiZ4XzsAvmLDHG.jpg,"A vida e a morte de Timothy Treadwell, ecologista e especialista em ursos. Por 13 verões consecutivos Treadwell foi para o Alasca viver desarmado entre esses animais. Nas últimas 5 vezes ele documentou sua viagem com uma câmera. Em outubro de 2003 os restos mortais de Treadwell e de sua namorada Amie Huguenard foram encontrados pelo piloto que deveria trazê-los de volta. O casal fora devorado por um urso, o primeiro caso registrado de ataque naquele campo. Herzog utiliza as filmagens de Treadwell para explorar sua personalidade e levantar questões sobre a difícil relação entre homem e natureza.",XXI,,2026-07-31
29963,tt0810784,Bright Star,Brilho de uma Paixão,2009,Reino Unido / Austrália / França,Jane Campion,119,Drama; Romance,/csN6y4nq2kaBiegHaGw0DGp4plf.jpg,"Londres, 1818. O jovem poeta John Keats é vizinho de Fanny Brawne, estudante de moda e dona de opiniões fortes. Seus mundos não poderiam ser mais distintos. Quando o irmão de John adoece, Fanny oferece seus cuidados. Encantado, John se aproxima da moça e se oferece para ensiná-la poesia. Os dois terminam se apaixonando. Quando a mãe de Fanny e o melhor amigo de John descobrem o caso, já é tarde demais para tentarem desaconselhá-los.",XXI,,2026-07-31
11423,tt0353969,Memories of Murder,Memórias de um Assassino,2003,Coreia do Sul,Bong Joon-ho,132,Crime; Drama; Thriller,/jcgUjx1QcupGzjntTVlnQ15lHqy.jpg,"Província de Gyunggi, 1986. O corpo de uma jovem mulher, brutalmente estuprada e depois assassinada, é encontrado no campo. Dois meses depois, ocorreram outros crimes semelhantes. Em um país que nunca havia conhecido tais atrocidades, o boato de um assassino em série crescia a cada dia. Uma unidade especial da polícia é então criada na região para encontrar o culpado rapidamente.",XXI,,2026-07-31
8363,tt0829482,Superbad,Superbad: É Hoje,2007,EUA,Greg Mottola,113,Comédia,/ek8e8txUyUwd2BNqj6lFEerJfbq.jpg,"Os estudantes adolescentes Seth e Evan têm grandes esperanças para uma festa de formatura. Os adolescentes co-dependentes pretendem beber e conquistar garotas para que eles possam se tornar parte da multidão popular da escola, mas a ansiedade de separação e dois policiais entediados complicam a auto-missão proclamada dos amigos.",XXI,,2026-07-31
103328,tt2076220,Holy Motors,Holy Motors,2012,Alemanha / França,Leos Carax,116,Drama; Fantasia,/yruQV70l1qv4Ala72QNwDICGa6q.jpg,"O senhor Oscar parece um importante executivo indo para o escritório ao entrar em sua limusine, mas seu ""trabalho"" real é um pouco mais complexo: ele tem uma série de compromissos durante o dia, onde encarna personagens, desde uma idosa pedinte, um milionário em estado terminal, até um assassino frio. O objetivo e a motivação de Oscar, no entanto, são misteriosos.",XXI,,2026-07-31
1429,tt0307901,25th Hour,A Última Noite,2002,EUA,Spike Lee,135,Crime; Drama,/fALUwfVfkgkYoKDgdh7CbB7GRw0.jpg,"Monty Brogan é condenado a sete anos de prisão por tráfico de drogas. Como só lhe resta mais um dia antes de se apresentar à penitenciária, ele decide aproveitar os últimos momentos de liberdade com seus melhores amigos.",XXI,Disney+,2026-07-31
64,tt0287467,Talk to Her,Fale com Ela,2002,Espanha,Pedro Almodóvar,109,Drama; Romance,/eNp7w5m4GczvGFfXQKAqeK1hoe9.jpg,"Benigno está apaixonado por Alicia, uma dançarina que observa do anonimato de seu apartamento. Depois de um acidente, ela é levada ao hospital onde Benigno trabalha como cuidador. Quando a toureira Lydia é levada para a mesma ala hospitalar, seu companheiro Marco cria um laço verdadeiro com Benigno.",XXI,Belas Artes à La Carte,2026-07-31
265228,tt3409392,Timbuktu,Timbuktu,2014,França,Abderrahmane Sissako,97,Drama; Guerra,/pG5SYVCdN22Cc10nKhW4XFugtpj.jpg,"Em 2012, em Timbuktu no Mali, o pastor de gado Kidane vive pacificamente nas dunas com sua esposa Satima, sua filha Toya e seu filho Issan de doze anos. Na cidade, as pessoas sofrem  impotentes, com o regime de terror imposto pelos jihadistas determinados a controlar sua fé. Música, risos, cigarros, mesmo o futebol, foram proibidos. As mulheres tornaram-se sombrias, mas resistem com dignidade. Todos os dias, os novos tribunais improvisados emitem sentenças trágicas e absurdas. Kidane e sua família, por morarem nas dunas, estão sendo poupados do caos que reina em Timbuktu. Mas seu destino mudará abruptamente.",XXI,Reserva Imovision,2026-07-31
38368,tt1588895,Uncle Boonmee Who Can Recall His Past Lives,"Tio Boonmee, que Pode Recordar Suas Vidas Passadas",2010,Tailândia / Reino Unido / Alemanha / Espanha / França / EUA,Apichatpong Weerasethakul,114,Drama; Fantasia,/9XeIVAvmMXyhUtTQoSjRGQt2EjY.jpg,"Sofrendo de insuficiência renal, Tio Boonmee resolveu passar os últimos dias de sua vida recolhido em uma casa perto da floresta e ao lado de entes queridos. Durante um jantar com a família, o espírito de sua esposa falecida aparece para ajudá-lo em sua jornada final. A eles se junta Boonsong, filho de Boonmee que retorna após muito tempo metamorfoseado em outra forma de existência. Juntos, eles percorrerão o interior de uma caverna misteriosa, onde Boonmee nasceu em sua primeira vida.",XXI,Reserva Imovision,2026-07-31
11400,tt0402399,The New World,O Novo Mundo,2005,EUA / Reino Unido,Terrence Malick,151,Drama; História; Romance,/rPDEiCVQJPjshrQEpQxHzfCOWDN.jpg,"O Novo Mundo é uma superprodução épica que se passa durante a jornada dos europeus em busca da colonização da América. O aclamado cineasta Terrence Malick traz à vida sua interpretação única de uma história repleta de aventura, conquista e poder. No elenco estelar, nomes como Colin Farrell, Christopher Plummer, Christian Bale, David Thewlis e, apresentando, a bela atriz QOrianka Kilcher.",XXI,,2026-07-31
150540,tt2096673,Inside Out,Divertida Mente,2015,EUA,Pete Docter,95,Animação; Família; Aventura; Drama; Comédia,/62SAZfLfzhxJWUFJvfIPMw6QUpE.jpg,"Quando Riley, de 11 anos, se muda para uma nova cidade, suas Emoções - Alegria, Medo, Raiva, Nojinho e Tristeza trabalham juntas para ajudá-la na transição. Porém, uma série de eventos faz com que Alegria e Tristeza se envolvam em uma perigosa aventura que virará o mundo de Riley de cabeça para baixo.",XXI,Disney+,2026-07-31
152584,tt2278871,Blue Is the Warmest Color,Azul É A Cor Mais Quente,2013,Bélgica / França / Espanha,Abdellatif Kechiche,179,Romance; Drama,/ao3vG9cD1pORpQu6I7KmOiqHIrA.jpg,"Adèle é uma garota de 15 anos que descobre, na cor azul dos cabelos de Emma, sua primeira paixão por outra mulher. Sem poder revelar a ninguém seus desejos, ela se entrega por completo a este amor secreto, enquanto trava uma guerra com sua família e com a moral vigente.",XXI,,2026-07-31
48303,tt1020773,Certified Copy,Cópia Fiel,2010,França / Itália / Bélgica,Abbas Kiarostami,106,Drama; Romance,/sBvoYZq5LW683FCXoHS94g1JmLe.jpg,"Um escritor inglês está na Itália lançando seu mais novo trabalho sobre História da Arte, um livro onde defende que as cópias de obras artísticas possuem tanto valor quanto a original. Elle, dona de uma galeria, fica interessada em conversar mais  com o autor e o convida para um café. Na conversa os dois vão discutir o argumento do livro, e após a dona da cafeteria confundi-los com um casal, irão, de certa forma, colocar a tese do livro em prática.",XXI,MUBI; Reserva Imovision; Telecine,2026-07-31
167073,tt2381111,Brooklyn,Brooklin: Um Amor Sem Fronteiras,2015,Canadá / Irlanda / Reino Unido,John Crowley,117,Romance; Drama; História,/mPCzhX8mt6Leo5c1dkXEHuyE7Nt.jpg,"A jovem irlandesa Ellis Lacey se muda de sua terra natal e vai morar em Brooklyn para tentar realizar seus sonhos. No início de sua jornada nos Estados Unidos, ela sente falta de sua casa, mas ela vai tentando se ajustar aos poucos até que conhece e se apaixona por Tony, um bombeiro italiano. Logo, ela se encontra dividida entre dois países, entre o amor e o dever.",XXI,,2026-07-31
114982,tt2400275,Goodbye to Language,Adeus à Linguagem,2014,França,Jean-Luc Godard,69,Drama,/9Vvx6TTOwXZijo22oaM5POUsxIa.jpg,"Um homem e uma mulher dividem a intimidade em uma casa, onde mora também um cachorro. Ela é casada, mas não há qualquer informação sobre sua vida fora daquele local. Os dois conversam sobre a questão da linguagem sob o ponto de vista filosófico, enquanto que o cão a tudo observa.",XXI,Reserva Imovision,2026-07-31
253450,tt3508840,The Assassin,A Assassina,2015,Hong Kong / Taiwan,Hou Hsiao-hsien,105,Drama; Ação,/5cUGF118vuGofVL32k8d1tQfuNW.jpg,"No século VIII, durante a dinastia Tiang, Yinniang (Shu Qi) é uma assassina profissional, treinada com os melhores mestres. Ela é encarregada de matar um homem do governo, mas não consegue cumprir a tarefa quando o vê segurando um bebê recém-nascido. Punida por sua covardia, ela recebe a tarefa mais difícil de sua vida: matar o próprio primo, por quem é apaixonada, e com quem deveria se casar desde a adolescência. Yinniang tem que se confrontar ao passado para cumprir as ordens de sua mestra.",XXI,Reserva Imovision,2026-07-31
824,tt0203009,Moulin Rouge!,Moulin Rouge: Amor em Vermelho,2001,Austrália / EUA,Baz Luhrmann,128,Drama; Romance; Música,/zVP7NyMl37zA83RQZ1zXSmPmjyo.jpg,"Christian é um jovem escritor que possui um dom para a poesia e que enfrenta seu pai para poder se mudar para o bairro boêmio de Montmartre, em Paris. Lá ele recebe o apoio de Henri de Toulouse-Latrec, que o ajuda a participar da vida social e cultural do local, que gira em torno do Moulin Rouge, uma boate que possui um mundo próprio de sexo, drogas, adrenalina e Can-Can. Ao visitar o local, Christian logo se apaixona por Satine, a mais bela cortesã de Paris e estrela maior do Moulin Rouge.",XXI,Disney+,2026-07-31
23160,tt0249241,Werckmeister Harmonies,As Harmonias de Werckmeister,2001,França / Alemanha / Hungria,Béla Tarr,139,Drama,/1ddmhSJx7GWa1YsDjgaypdRLN7K.jpg,"János Valuska, um simples carteiro apaixonado por astronomia, vê sua cidade sofrer uma revolta depois da chegada de um circo e suas atrações: uma baleia gigante e um príncipe medonho com seus seguidores, pessoas simples das cidades vizinhas que ficaram seduzidas pelo seu discurso niilista contra a burguesia local.",XXI,,2026-07-31
97630,tt1790885,Zero Dark Thirty,A Hora Mais Escura,2012,EUA,Kathryn Bigelow,149,Thriller; Drama,/fWpjkM77R5o4MV0nxO2cnywkCoJ.jpg,"Maya é uma agente da CIA que está por trás dos principais esforços em capturar Osama bin Laden, por ter descoberto os interlocutores do líder do grupo terrorista. Com isso ela participa da operação que levou militares americanos a invadir o território paquistanês, com o objetivo de capturar e matar bin Laden.",XXI,,2026-07-31
39504,tt0416991,Moolaadé,Moolaadé,2004,Burquina Faso / Camarões / França / Marrocos / Senegal / Tunísia,Ousmane Sembène,124,Drama,/9S7lWdLExHw6LP3Vq7smiyGY5MR.jpg,"Numa aldeia muçulmana do Senegal a mutilação vaginal é uma prática ritualística pela qual todas as meninas ao entrarem na puberdade devem passar. Quatro meninas conseguem fugir do ritual e buscam proteção na casa de Collé, uma mulher que há pouco tempo foi a primeira a não permitir que sua filha fosse cortada. Para proteger as meninas Collé inicia o Moolaadé, uma tradição em que nenhuma mulher pode entrar em sua casa e que se pode ser quebrada se Collé pronunciar uma palavra. Uma disputa política vai se iniciar na aldeia para fazer com que Collé pronuncie a palavra a qualquer custo.",XXI,,2026-07-31
59,tt0399146,A History of Violence,Marcas da Violência,2005,Alemanha / EUA,David Cronenberg,96,Drama; Thriller; Crime,/5VCbr01tHRvEtS5sdhS2HWd1Av1.jpg,"Tom Stall leva uma vida tranquila e feliz na pequena cidade de Millbrook, no estado de Indiana, onde mora com sua esposa Edie e seus dois filhos. Um dia esta rotina de calmaria é interrompida quando Tom consegue impedir um assalto em seu restaurante. Percebendo o perigo, Tom se antecipa e consegue salvar seus clientes e amigos e, em legítima defesa, mata dois criminosos. Considerado um herói, Tom tem sua vida inteiramente transformada a partir de então. A mídia passa a segui-lo, o que o obriga a falar com ela regularmente e faz com que ele deseje que sua vida retorne à calmaria anterior. Surge então em sua vida Carl Fogarty, um misterioso homem que acredita que Tom lhe fez mal no passado.",XXI,Max,2026-07-31
27904,tt0477731,Syndromes and a Century,Síndromes e um Século,2006,Áustria / França / Holanda / Tailândia,Apichatpong Weerasethakul,105,Drama; Romance,/1XUMd93PRMUkCtE2NWn0zQb1NC6.jpg,"História de amor inspirada na relação dos pais do diretor antes de serem amantes.  Na primeira parte, a história de uma médica na época em que nasceu o cineasta. Dr. Nohng (Jaruchai Iamaram) se junta à equipe de uma pequena clínica na Tailândia depois de ser entrevistado pela Dra. Toey (Nantarat Sawaddikul), cada vez mais próxima dele.  Na segunda parte, no mundo atual, o Dr. Nohng é mais uma vez questionada por Toey antes de conseguir um emprego, desta vez em um ambiente urbano. Trabalhando ao lado do alcoólatra Dr. Wan (Wanna Wattanajinda), ele se adapta à sua nova rotina.",XXI,,2026-07-31
81401,tt1316540,The Turin Horse,O Cavalo de Turim,2011,Hungria / Suíça / França / Alemanha / EUA,Béla Tarr,155,Drama,/nwHFQRGE5OyMuscTm1deX9Ssn1u.jpg,"Turim, 3 de Janeiro de 1889. O filósofo Friedrich Nietzsche sai de casa. Ali perto um camponês luta com a teimosia do seu cavalo, que se recusa a obedecer. O homem perde a paciência e começa a chicotear o animal. Nietzsche aproxima-se e tenta impedir a brutalidade dos golpes com o seu próprio corpo. Naquele momento perde os sentidos e é levado para casa onde permanece em silêncio por dois dias. A partir daquele trágico evento Nietzsche nunca mais recuperará a razão, ficando aos cuidados da sua mãe e irmãs até ao dia da sua morte, a 25 de Agosto de 1900. Partindo deste evento, o filme tenta recriar o percurso do camponês, da sua filha, do velho cavalo doente e a sua existência miserável.",XXI,,2026-07-31
113,tt0374546,"Spring, Summer, Fall, Winter... and Spring","Primavera, Verão, Outono, Inverno e... Primavera",2003,Coreia do Sul / Alemanha,Kim Ki-duk,103,Drama,/8U4MIzDfTieeMVypUFai9XgD5IO.jpg,"Um monge mora em uma pequena casa sobre um lago com uma criança que educa para uma relação simples e contemplativa com a vida. Mas o tempo é implacável, e as mudanças do caráter e as necessidades da vida desviam o jovem para o mundo dos homens.",XXI,,2026-07-31
93858,tt2153963,Tabu,Tabu,2012,Brasil / França / Alemanha / Portugal,Miguel Gomes,119,Drama; Romance,/fTWS1n6Rio5IWpMuZNmM27iSQ4H.jpg,"Aurora, uma idosa de opiniões contraditórias, convive com uma empregada cabo-verdiana e uma amiga engajada em causas sociais. Após sua morte, fatos obscuros de seu passado surgem, e as companheiras de Aurora conhecem sua trágica aventura na África.",XXI,,2026-07-31
152603,tt1714915,Only Lovers Left Alive,Amantes Eternos,2013,Reino Unido / Alemanha / França / Grécia,Jim Jarmusch,123,Drama; Romance; Fantasia,/yOrYjoPBbj5pEDgPsE8pnS0KKsy.jpg,"Amantes há séculos, Adam e Eve são vampiros. Ele toca rock em Detroit e ela passeia por Tânger. Sofrendo de depressão e com a constante mudança do mundo, eles encontram estabilidade um no outro. Porém, a chegada da irmã mais nova de Eve traz problemas.",XXI,Prime Video,2026-07-31
122081,tt2101441,Spring Breakers,Spring Breakers: Garotas Perigosas,2013,França / EUA / México,Harmony Korine,94,Drama; Crime,/mEneXUbETu7FfavoefiEUU9XEVG.jpg,"Brit, Candy, Cotty e Faith são as melhores amigas desde a escola primária e estão tentando juntar dinheiro para passar duas semanas de férias na Flórida. Sem conseguir o suficiente, três delas assaltam um restaurante usando armas de brinquedo. Depois de alguns dias se divertindo, as garotas são presas numa batida policial e vão parar na cadeia, até que Alien, um traficante local, paga sua fiança. Logo, elas mergulham de cabeça em férias tão viciantes e perigosas que elas jamais vão esquecer.",XXI,Prime Video; MUBI,2026-07-31
171274,tt1791528,Inherent Vice,Vício Inerente,2014,EUA,Paul Thomas Anderson,149,Drama; Mistério; Comédia,/z8Vew0X034bqtnEiEIEwatt7u4k.jpg,"Em uma comunidade litorânea da Califórnia, o solitário detetive particular Larry ""Doc"" Sportello costuma lidar com os seus casos através da fumaça de um cigarro de maconha. Um dia, ele recebe a visita inesperada da ex-namorada Shasta, por quem ainda sente algo. Shasta precisa da ajuda de Larry para encontrar seu amante, Mickey Wolfmann, um bilionário do mercado imobiliário, que desapareceu misteriosamente. Aparentemente, a esposa de Mickey está tentando interná-lo em um hospital psiquiátrico.",XXI,,2026-07-31
2013,tt0401383,The Diving Bell and the Butterfly,O Escafandro e a Borboleta,2007,França / EUA,Julian Schnabel,111,Drama; História,/lL07UboNRO7XMpCzev3349Ig4ri.jpg,"Jean-Dominique Bauby (Mathieu Amalric) tem 43 anos, é editor da revista Elle e um apaixonado pela vida. Mas, subitamente, tem um derrame cerebral. Vinte dias depois, ele acorda. Ainda está lúcido, mas sofre de uma rara paralisia: o único movimento que lhe resta no corpo é o do olho esquerdo. Bauby se recusa a aceitar seu destino. Aprende a se comunicar piscando letras do alfabeto, e forma palavras, frases e até parágrafos. Cria um mundo próprio, contando com aquilo que não se paralisou: sua imaginação e sua memória.",XXI,,2026-07-31
11190,tt0376968,The Return,O Retorno,2003,Rússia,Andrey Zvyagintsev,111,Drama; Mistério,/qE6vQOOiHfNNdz3bjpzO11QNnPP.jpg,"Andrei e Ivan são dois adolescentes comuns que tem suas vidas mudadas com o inesperado retorno de seu pai, que ficou longe de casa por doze anos sem mandar notícia. Para se reaproximarem, aconselhado pela mãe, o pai sai com os dois em uma viagem para pescar, mas uma série de coisas começam a não fazer sentido para os jovens, que chegam até mesmo a duvidar que o homem seja seu pai de verdade.",XXI,,2026-07-31
76025,tt1723811,Shame,Shame,2011,Canadá / Reino Unido,Steve McQueen,102,Drama,/cAWLz9kFv4xc6IsEXTj2DrcqD55.jpg,"Brandon é um novaiorquino de 30 anos que não consegue controlar sua vida sexual. Não bastasse os efeitos do seu vício em sexo, Brandon terá que se entender com as cobranças diárias de seu chefe, David, e, nesse meio tempo, amadurecer a relação com a sua irmã, Sissy.",XXI,Prime Video,2026-07-31
644,tt0212720,A.I. Artificial Intelligence,A.I.: Inteligência Artificial,2001,Reino Unido / EUA,Steven Spielberg,146,Drama; Ficção científica; Aventura,/nOGKRZ95qZ6jLxoH19zzNkTIiDW.jpg,"O primeiro menino-robô programado para amar, David, é adotado por um funcionário da Cybertronics e sua esposa. Apesar de aos poucos ele ir se tornando o filho do casal, uma série de circunstâncias inesperadas dificulta a vida de David. Sem a total aceitação dos humanos ou das máquinas, o menino-robô embarca em uma jornada para descobrir seu verdadeiro mundo.",XXI,Paramount+,2026-07-31
8898,tt1221141,The Headless Woman,A Mulher Sem Cabeça,2008,Argentina / França / Itália / Espanha,Lucrecia Martel,87,Drama; Mistério,/a7sFZUcMzCbG8CbvmsTsgWt37Si.jpg,"Mulher dirigindo pela rodovia se distrai e atropela algo (ou alguém). Temerosa, vai embora sem parar e guarda esse segredo. O incidente deixa a mulher ao mesmo tempo traumatizada e em estado de alerta. Uma noite, no entanto, diz ao marido que teme ter matado alguém na estrada. Eles vão até lá, mas descobrem apenas um cachorro morto. Amigos do casal próximos a policiais também confirmam que não houve nenhum relato de uma pessoa atropelada. Tudo volta ao normal na vida da mulher, até que notícias de uma descoberta terrível passam a atormentar a todos.",XXI,,2026-07-31
423,tt0253474,The Pianist,O Pianista,2002,França / Alemanha / Polônia / Reino Unido,Roman Polanski,150,Drama; Guerra,/g0s9Yb5tfka73UKxFAPxO9lPHBW.jpg,"Um pianista judeu polonês vê Varsóvia mudar gradualmente à medida que a Segunda Guerra Mundial começa. Szpilman é forçado a ir para o Gueto de Varsóvia, mas depois é separado de sua família durante a Operação Reinhard. A partir deste momento até que os prisioneiros dos campos de concentração sejam liberados, Szpilman se esconde em vários locais entre as ruínas de Varsóvia.",XXI,Claro tv+,2026-07-31
25376,tt1305806,The Secret in Their Eyes,O Segredo dos seus Olhos,2009,Argentina / Espanha,Juan José Campanella,129,Mistério; Thriller; Drama,/pefOYP69bB3ZC6p6B3ZbWc46ioT.jpg,Benjamín Espósito trabalhou a vida toda em um Tribunal de Justiça e agora aposentado tem a chance de escrever sobre a investigação de um assassinato que acabou mudando sua vida anos atrás.,XXI,,2026-07-31
4512,tt0443680,The Assassination of Jesse James by the Coward Robert Ford,O Assassinato de Jesse James Pelo Covarde Robert Ford,2007,Canadá / Reino Unido / EUA,Andrew Dominik,159,Drama; Faroeste,/9vpIhmdk0jq6POxz7Fm06gBP3YZ.jpg,"Qualquer pessoa na América em 1880 conhece Jesse James. Ele é o criminoso mais conhecido em todo país, caçado implacavelmente pela lei em dez estados. Ele é também um dos maiores heróis do seu tempo, comparado à Robin Hood pelo público. Robert Ford? Ninguém conhece esse nome. Ainda não... Este jovem ambicioso de apenas 19 anos de idade faz planos para mudar isso. Ele se aproximará de Jesse, cavalgará ao lado do seu bando e conquistará sua amizade. E se isso ainda não trouxer a fama para Ford, ele arrumará uma outra maneira. Uma maneira mortal!",XXI,Max,2026-07-31
83666,tt1748122,Moonrise Kingdom,Moonrise Kingdom,2012,EUA,Wes Anderson,94,Comédia; Drama; Romance,/3Vo4SrfuYYRcvQX02PqZJAaOZJt.jpg,"Em 1965, residentes de uma ilha formam uma comunidade aparentemente imune aos males do resto do mundo. Os adolescentes Sam e Suzy se apaixonam e decidem fugir antes da chegada de uma violenta tempestade que ameaça a região.",XXI,,2026-07-31
12,tt0266543,Finding Nemo,Procurando Nemo,2003,EUA,Andrew Stanton,100,Animação; Família; Aventura,/djbivExXSZb0sTO8uYaaQC5vMRM.jpg,"Nemo, um jovem peixe-palhaço aventureiro, é inesperadamente levado de sua casa na Grande Barreira de Corais para o aquário do consultório de um dentista. Cabe ao seu preocupado pai Marlin e à simpática mas esquecida peixe Dory trazer Nemo para casa - encontrando tubarões vegetarianos, tartarugas surfistas, medusas hipnóticas, gaivotas esfomeadas e muito mais pelo caminho.",XXI,Disney+,2026-07-31
43434,tt1321865,Carlos,"Carlos, o Chacal",2010,Alemanha / França,Olivier Assayas,165,Crime; Drama; História,/ee6EiUOXdvr7DvnBBEG691TNSKh.jpg,"Um relato épico e extremamente detalhado da vida do infame terrorista internacional Ilich Ramírez Sánchez, também conhecido como Carlos, o Chacal. Ele viveu várias vidas sob diversos pseudônimos, ultrapassando as complexidades da política internacional.",XXI,,2026-07-31
238,tt0068646,The Godfather,O Poderoso Chefão,1972,EUA,Francis Ford Coppola,175,Drama;Crime,/oJagOzBu9Rdd9BrciseCm3U3MCU.jpg,"Em 1945, Don Corleone é o chefe de uma mafiosa família italiana de Nova York. Ele costuma apadrinhar várias pessoas, realizando importantes favores para elas, em troca de favores futuros. Com a chegada das drogas, as famílias começam uma disputa pelo promissor mercado. Quando Corleone se recusa a facilitar a entrada dos narcóticos na cidade, não oferecendo ajuda política e policial, sua família começa a sofrer atentados para que mudem de posição. É nessa complicada época que Michael, um herói de guerra nunca envolvido nos negócios da família, vê a necessidade de proteger o seu pai e tudo o que ele construiu ao longo dos anos.",XX,Claro tv+;Oldflix;Paramount+,2026-07-31
240,tt0071562,The Godfather Part II,O Poderoso Chefão: Parte II,1974,EUA,Francis Ford Coppola,202,Drama;Crime,/3ViYPhSAPwH2avQjdMl49F8PklB.jpg,"Após a máfia matar sua família, o jovem Vito foge da sua cidade na Sicília e vai para a América. Vito luta para manter sua família. Ele mata Black Hand Fanucci, que exigia dos comerciantes uma parte dos seus ganhos. Com a morte de Fanucci, o poderio de Vito cresce, mas sua família é o que mais importa para ele. Agora baseado no Lago Tahoe, Michael planeja fazer incursões em Las Vegas e Havana instalando negócios ligados ao lazer, mas descobre que aliados como Hyman Roth estão tentando matá-lo.",XX,Globoplay;Paramount+,2026-07-31
426,tt0052357,Vertigo,Um Corpo Que Cai,1958,EUA,Alfred Hitchcock,128,Mistério;Romance;Thriller,/lzyh1lsD4Qaid6bG5zk57Y3bEM.jpg,"O ex-detetive da polícia de São Francisco, John ""Scottie"" Ferguson, se aposenta da corporação após desenvolver acrofobia e vertigem. Ele é procurado por um antigo conhecido, Gavin Elster, que o contrata para seguir sua esposa, Madeleine, cujo comportamento tem se tornado cada vez mais errático. Conforme Scottie investiga, ele se vê envolvido em um mistério complexo e perturbador que desafia suas percepções de realidade, identidade e obsessão.",XX,Oldflix,2026-07-31
3114,tt0049730,The Searchers,Rastros de Ódio,1956,EUA,John Ford,119,Faroeste,/eYeu5zK5OKYymE4mGv3o5Ov0eSB.jpg,"O veterano da Guerra Civil Ethan Edwards chega ao Texas em 1868 e encontra o seu irmão e a família dele. No dia seguinte, Comanches invadem o rancho, matam o seu irmão e Martha, a esposa dele, e raptam as duas filhas do casal. Ethan parte então em uma busca vingativa junto com o companheiro Martin, um mestiço que logo percebe que Ethan está obcecado por matar os índios. Ao encontrarem o corpo da mais velha, saem em busca da caçula, por quem procuram mais 5 anos no deserto.",XX,HBO Max;Looke;Telecine,2026-07-31
62,tt0062622,2001: A Space Odyssey,2001: Uma Odisséia no Espaço,1968,Reino Unido / EUA,Stanley Kubrick,148,Ficção científica;Mistério;Aventura,/pVCmLuATJ0lQs4Vx1zUJUN0if2A.jpg,"Desde a “Aurora do Homem” (a pré-história), um misterioso monólito negro parece emitir sinais de outra civilização, assim interferindo no nosso planeta. Quatro milhões de anos depois, no século XXI, uma equipe de astronautas liderados pelo experiente David Bowman e Frank Poole é enviada ao planeta Júpiter para investigar o enigmático monólito na nave Discovery, totalmente controlada pelo computador HAL-9000. Entretanto, no meio da viagem, HAL-9000 entra em pane e tenta assumir o controle da nave, eliminando um a um os tripulantes.",XX,HBO Max,2026-07-31
15,tt0033467,Citizen Kane,Cidadão Kane,1941,EUA,Orson Welles,119,Mistério;Drama,/2pJ2voOH3QqfgDygG6e9W48YBLt.jpg,"O magnata da imprensa Charles Foster Kane é tirado de sua mãe ainda menino e colocado sob a tutela de um rico industrial. Como resultado, cada movimento bem-intencionado, tirânico ou autodestrutivo que ele faz pelo resto da vida parece ser, de alguma forma, uma reação a esse evento profundamente traumático.",XX,Belas Artes à La Carte;HBO Max;Oldflix,2026-07-31
1578,tt0081398,Raging Bull,Touro Indomável,1980,EUA,Martin Scorsese,129,Drama;História,/lLeWJU33HgfWTnrOcaNBR5fUcF1.jpg,"O pugilista peso-médio Jake LaMotta, chamado de ""o touro do Bronx"", sobe na carreira com a mesma rapidez com que sua vida particular se degrada, graças ao seu temperamento violento e possessivo. Todos ao seu redor são afetados por seu comportamento auto-destrutivo, como seu irmão e empresário Joey LaMotta e sua esposa Vickie.",XX,MGM Plus;MGM+;MUBI,2026-07-31
829,tt0071315,Chinatown,Chinatown,1974,EUA,Roman Polanski,130,Crime;Mistério;Thriller,/kZRSP3FmOcq0xnBulqpUQngJUXY.jpg,"Contratado por uma bela socialite para investigar o caso extra-conjugal do marido dela, o detetive particular Jake Gittes é arrastado para um furacão de falsidades e enganos mortais, descobrindo uma rede de escândalos pessoais e políticos que colidem entre si.",XX,,2026-07-31
3090,tt0040897,The Treasure of the Sierra Madre,O Tesouro de Sierra Madre,1948,EUA,John Huston,126,Aventura;Drama;Faroeste,/aDx0b64VlRJt36kpDwx5CqAY2tg.jpg,"Dois americanos desempregados convencem um garimpeiro a viajar com eles para as montanhas do México em busca de ouro. Mas a natureza hostil, os bandidos locais e a ganância atrapalham a jornada.",XX,Oldflix,2026-07-31
793,tt0090756,Blue Velvet,Veludo Azul,1986,EUA,David Lynch,120,Mistério;Thriller;Crime;Terror,/1Nlq42CnLmkXzj7TN58c3VjlwLn.jpg,"Jeffrey Beaumont (Kyle MacLachlan), um rapaz simplório que acaba de voltar à cidade, envolve-se em uma perigosa investigação sobre os negócios de um traficante de drogas (Dennis Hopper) que mantém uma sádica relação com a bela cantora de cabaré Dorothy Vallens (Isabella Rossellini).",XX,Looke,2026-07-31
680,tt0110912,Pulp Fiction,Pulp Fiction: Tempo de Violência,1994,EUA,Quentin Tarantino,154,Thriller;Crime;Comédia,/tptjnB2LDbuUWya9Cx5sQtv5hqb.jpg,"Vincent Vega e Jules Winnfield são dois assassinos profissionais que trabalham fazendo cobranças para Marsellus Wallace, um poderosos gângster. Vega é forçado a sair com a garota do chefe, temendo passar dos limites. Enquanto isso, o pugilista Butch Coolidge se mete em apuros por ganhar uma luta que deveria perder.",XX,Paramount+,2026-07-31
244,tt0024216,King Kong,King Kong,1933,EUA,Merian C. Cooper,104,Aventura;Fantasia;Terror,/b3CrCIfY8bj9nSsdcFmozTozjyx.jpg,"Em Nova York um famoso diretor de cinema não consegue uma atriz para sua próxima produção, pois ninguém quer ir filmar em um lugar não revelado. Assim ele mesmo começa a vagar pelas ruas até que encontra uma jovem pobre, mas muito bonita, a quem imediatamente dá o emprego. A equipe viaja e vai parar em uma ilha desconhecida, na qual os nativos oferecem ""noivas"" para Kong, um gigantesco macaco. Após muitos perigos a equipe de filmagens conseguem capturar o macaco, pois pretendem levá-lo para Nova York para ser exibido. Paralelamente o símio se apaixona pela atriz.",XX,,2026-07-31
982,tt0056218,The Manchurian Candidate,Sob o Domínio do Mal,1962,EUA,John Frankenheimer,126,Thriller;Drama,/olXXYxDtscs2wZcVtd9pllvI3uL.jpg,"Após retornar como herói da Guerra da Coréia, Raymond Shaw (Laurence Harvey) e seu pelotão não conseguem se lembrar direito o que aconteceu para ele ter recebido tal condecoração. Bennett Marco (Frank Sinatra) e um outro soldado, que faziam parte do pelotão, começam a ter pesadelos horríveis sobre alguns acontecimentos vividos durante a guerra. Marco então pesquisa sobre a vida atual de Shaw, e descobre que segredos horríveis podem estar guardados sob a memória perdida, inclusive de que Shaw pode estar sendo manipulado pelos seus inimigos através de uma perigosa lavagem cerebral.",XX,MGM Plus;MGM+,2026-07-31
275,tt0116282,Fargo,Fargo: Uma Comédia de Erros,1996,Reino Unido / EUA,Joel Coen,98,Crime;Drama;Thriller,/JrnxuijI6XCKyZaiPPrJ3TbZi.jpg,Jerry Lundegaard é um vendedor de carros que se endividou e está desesperado por dinheiro. Ele contrata dois bandidos para sequestrar sua própria esposa e seu sogro o ajuda a pagar o resgate. Tudo acontece como o planejado até o momento em que os bandidos atiram em um policial.,XX,MGM Plus;MGM+,2026-07-31
705,tt0042192,All About Eve,A Malvada,1950,EUA,Joseph L. Mankiewicz,138,Drama,/cynMuhUnJgF3aCaKtR8aFTuElrF.jpg,Margo Channing é uma reconhecida atriz da Broadway que está envelhecendo e Eve Harrington é uma jovem fã que consegue se infiltrar na vida de Channing e que acaba ameaçando sua carreira e relacionamentos pessoais.,XX,Artiflix;Belas Artes à La Carte,2026-07-31
925,tt0097216,Do the Right Thing,Faça a Coisa Certa,1989,EUA,Spike Lee,120,Drama,/qMg44JbDQPHVUAsXH2gG56mAQwN.jpg,"Em um bairro onde a maioria da população é predominantemente negra, Buggin' Out, um ativista, exige que Sal, um dono de uma pizzaria, troque as fotos de seus ídolos brancos do local por fotos de ídolos negros. Quando tem seu pedido negado, o ativista passa a organizar um boicote contra a pizzaria de Sal.",XX,Globoplay;MUBI,2026-07-31
3112,tt0048424,The Night of the Hunter,O Mensageiro do Diabo,1955,EUA,Charles Laughton,92,Crime;Drama;Thriller,/rs5l1CMfAIu6sSg3ZWocCkNOBGu.jpg,"Harry Powell, um assassino em série autoproclamado pregador, se casa com uma viúva apenas para ter acesso à fortuna escondida de seu falecido marido. Os enteados de Powell, John e Pearl, tornam-se alvos de sua perseguição implacável, pois ele busca o dinheiro escondido pelo pai.",XX,Belas Artes à La Carte;Prime Video,2026-07-31
992,tt0015324,Sherlock Jr.,Bancando o Águia,1924,EUA,Buster Keaton,45,Ação;Comédia;Mistério,/pLQhs83bohZ9F7WkJgK41ljPJsr.jpg,Um projecionista de cinema que sonha em ser detetive coloca suas escassas habilidades em prática quando é incriminado por um rival por roubar o relógio de bolso do pai de sua namorada.,XX,Telecine,2026-07-31
239,tt0053291,Some Like It Hot,Quanto Mais Quente Melhor,1959,EUA,Billy Wilder,122,Comédia;Romance;Crime,/bmaiDTzvS9OCqgKRqG5nEQFIZeS.jpg,"Em 1929, Joe e Jerry, dois músicos desempregados, testemunham sem querer o cruel Massacre do Dia de São Valentim. Desesperados para não serem pegos pelos gangsters, eles se disfarçam de mulheres e entram para um grupo feminino musical, que está indo para Miami fazer shows. Joe se apaixona por Sugar, a garota problema do grupo, enquanto um milionário se apaixona pelo disfarce de Jerry, tudo isso em meio a uma convenção de criminosos, que também está acontecendo em Miami.",XX,MGM Plus;MGM+;MUBI,2026-07-31
3121,tt0073440,Nashville,Nashville,1975,EUA,Robert Altman,160,Drama;Comédia;Música,/twl4ovyjb8muFKvZmcCDzPR0hy1.jpg,"A história de vários personagens ligados ao mundo da música se cruza na cidade de Nashville, capital do Tennessee. Barbara Jean é considerada a rainha do local, mas está à beira de um colapso; Linnea e Delbert Reese mantém um casamento instável e possuem filho deficiente; Opal é um jornalista britânico a trabalho na cidade. Clássico dirigido por Altman, indicado em cinco categorias do Oscar e ganhador da estatueta de melhor canção - ""I'm Easy"", de Keith Carradine.",XX,,2026-07-31
630,tt0032138,The Wizard of Oz,O Mágico de Oz,1939,EUA,Victor Fleming,101,Aventura;Fantasia;Família,/skT3EcFUSWSCpe7XUKTQR8ZTp57.jpg,"Dorothy e seu cachorro Totó são levados para a terra mágica de Oz quando um ciclone passa pela fazenda de seus avós no Kansas. Eles viajam em direção à Cidade Esmeralda para encontrar o Mago Oz e no caminho encontram um Espantalho, que precisa de um cérebro, um Homem de Lata sem um coração e um Leão Covarde que quer coragem. O Mago pede ao grupo que tragam a vassoura da Bruxa Malvada do Oeste a fim de ganharem sua ajuda.",XX,Belas Artes à La Carte;HBO Max;Telecine,2026-07-31
976,tt0051036,Sweet Smell of Success,A Embriaguez do Sucesso,1957,EUA,Alexander Mackendrick,96,Drama,/1684WuhWjpiLoS6v2KBr7lDQZ3G.jpg,"O colunista nova-iorquino J.J. Hunsecker exerce considerável influência sobre a opinião pública com sua coluna sobre a Broadway, mas uma coisa que ele não consegue controlar é sua irmã mais nova, Susan, que namora o aspirante a guitarrista de jazz Steve Dallas. Hunsecker desaprova veementemente o romance e contrata o publicitário Sidney Falco para encontrar uma maneira de separar o casal, não importa quão cruel seja o método.",XX,,2026-07-31
68,tt0088846,Brazil,Brazil: O Filme,1985,Reino Unido / EUA,Terry Gilliam,132,Comédia;Ficção científica,/rsVIiNuCzWYZCyadMiBDFq6IuwH.jpg,"Sam Lowry vive num Estado totalitário, controlado pelos computadores e pela burocracia. Neste Estado, que lida com o terrorismo, todos são governados por fichas e cartões de crédito e ainda precisam pagar por tudo, até mesmo a permanência na prisão. Neste mundo opressivo, Sam acaba se apaixonando por Jill, uma terrorista.",XX,Disney Plus;Prime Video,2026-07-31
11549,tt0049366,Invasion of the Body Snatchers,Vampiros de Almas,1956,EUA,Don Siegel,80,Ficção científica;Terror;Thriller,/4eaAZ1UiTz3VzOSny7LzjycqvpU.jpg,"A trama é sobre o médico Miles Bennell. Após voltar de um congresso para a sua cidade natal, ele se depara com um fenômeno estranho: diversas pessoas afirmam que seus parentes não são os mesmos, apesar de manterem a aparência física e as lembranças. Incrédulo no início, aos poucos Bennell vai descobrindo que tudo faz parte de uma invasão alienígena, que assume a forma das pessoas para conquistar seu objetivo.",XX,Filmicca,2026-07-31
3133,tt0069762,Badlands,Terra de Ninguém,1974,EUA,Terrence Malick,94,Drama;Romance;Crime,/86cAh8xTUV6mlgIYAchz2zMB6uD.jpg,"Fort Dupree, Dakota do Sul, 1959. Kit Carruthers é um jovem peão psicologicamente desequilibrado, que mata o pai de Holly Sargis, sua namorada de 15 anos, que não aprovava o relacionamento deles. Kit e Holly fogem juntos para Montana, enquanto Carruthers faz mais vítimas, o que faz a polícia ir em seu encalço.",XX,,2026-07-31
931,tt0069995,Don't Look Now,Inverno de Sangue em Veneza,1973,Itália / Reino Unido,Nicolas Roeg,110,Thriller;Drama;Terror,/9rOCKHdxeiMRlCH1lrNl0HYBaam.jpg,"Após um trágico acidente que matou sua filha, o casal Laura e John Baxter muda-se para Veneza, afim de esquecer a tragédia. Porém, quando chegam lá, uma estranha mulher começa a dizer que sua filha está enviando mensagens do mundo dos mortos, e os dois iniciam uma perigosa relação de curiosidade sobre o outro lado da vida.",XX,,2026-07-31
770,tt0031381,Gone with the Wind,...E o Vento Levou,1939,EUA,Victor Fleming,238,Drama;Guerra;Romance,/jYNxBGPznKSJjNqp1N713oTli0m.jpg,"Scarlett O'Hara é uma jovem mimada que consegue tudo o que quer. No entanto, algo falta em sua vida: o amor de Ashley Wilkes, um nobre sulista que deve se casar com a sua prima Melanie. Tudo muda quando a Guerra Civil americana explode e Scarlett precisa lutar para sobreviver e manter a fazenda da família.",XX,HBO Max;Oldflix;Telecine,2026-07-31
289,tt0034583,Casablanca,Casablanca,1943,EUA,Michael Curtiz,102,Drama;Romance,/3XxWPlKMfSTDCpWRgjljm5Xw5zX.jpg,"Durante a Segunda Guerra Mundial, muitos fugitivos tentavam escapar dos nazistas por uma rota que passava pela cidade de Casablanca. O exilado americano Rick Blaine encontrou refúgio na cidade, dirigindo uma das principais casas noturnas da região. Clandestinamente, tentando despistar o Capitão Renault, ele ajuda refugiados, possibilitando que eles fujam para os Estados Unidos. Quando um casal pede sua ajuda para deixar o país, ele reencontra uma grande paixão do passado, a bela Ilsa. Este amor vai encontrar uma nova vida e eles vão lutar para fugir juntos.",XX,HBO Max;Oldflix;Telecine,2026-07-31
1585,tt0038650,It's a Wonderful Life,A Felicidade Não Se Compra,1946,EUA,Frank Capra,130,Drama;Família;Fantasia,/u9oQTcUTcWxJwv60JkGVjIBzfuB.jpg,"Em Bedford Falls, no Natal, George Bailey, que sempre ajudou a todos, pensa em se suicidar saltando de uma ponte, em razão das maquinações de Henry Potter, o homem mais rico da região. Mas tantas pessoas oram por ele que Clarence, um anjo que espera há 220 anos para ganhar asas, é mandado à Terra para tentar fazer George mudar de ideia, mostrando sua importância para todos através de flashbacks.",XX,Belas Artes à La Carte;Looke;Oldflix,2026-07-31
872,tt0045152,Singin' in the Rain,Cantando na Chuva,1952,EUA,Stanley Donen,103,Comédia;Romance,/tLUOxyl1myKTQGMTCnuA9RRArHS.jpg,"Em 1927, Hollywood, está um verdadeiro rebuliço com a transição do cinema mudo para o falado. Don Lockwood e Lina Lamont, o casal mais querido do cinema mudo, se prepara para rodar um musical. Mas, infelizmente, Lina não só não sabe cantar como tem uma voz horrível. A estreante, Kathy Selden, é chamada a emprestar sua voz à estrela. As gravações são uma confusão, mas tudo piora quando Don se apaixona pela doce Kathy. Ao lado de seu inseparável amigo, o compositor Cosmo Brown, ele tenta mostrar ao mundo o talento de Kathy.",XX,HBO Max;Oldflix;Telecine,2026-07-31
654,tt0047296,On the Waterfront,Sindicato de Ladrões,1954,EUA,Elia Kazan,108,Crime;Drama;Romance,/23wMq1ud7inXhlAkkiQGlfoAO0G.jpg,"Terry Malloy sonha com as glórias do boxe, mas foi convencido pelo corrupto mafioso Johnny Friendly, para quem trabalha, a perder uma luta. Quando Terry presencia um assassinato cometido pelos capangas do chefe, ele se sente responsável pelo crime.",XX,Belas Artes à La Carte;Netflix,2026-07-31
578,tt0073195,Jaws,Tubarão,1975,EUA,Steven Spielberg,124,Terror;Thriller;Aventura,/iD2XVowFgHngYGamCAdq2T44gMr.jpg,"Um terrível ataque a banhistas é o sinal de que a praia da pequena cidade de Amity virou refeitório de um gigantesco tubarão branco, que começa a se alimentar dos turistas. Embora o prefeito queira esconder os fatos da mídia, o xerife local pede ajuda a um ictiologista e a um pescador veterano para caçar o animal. Mas a missão vai ser mais complicada do que eles imaginavam.",XX,Claro video;Telecine,2026-07-31
510,tt0073486,One Flew Over the Cuckoo's Nest,Um Estranho no Ninho,1975,EUA,Miloš Forman,133,Drama,/nqz0NHRmbc57HZdZxi66shMzGKO.jpg,"Randle Patrick McMurphy é um malandro que, após ser preso, se finge de louco para ir a um hospital psiquiátrico e assim esquivar-se a uma porção de trabalhos forçados na prisão. Lá ele começa a influenciar os outros internos e começa a sofrer oposição da cruel e sádica enfermeira Mildred Ratched. Com forte poder persuasivo, McMurphy instaura uma reviravolta na clínica, não sabendo o que isto pode lhe custar.",XX,,2026-07-31
947,tt0056172,Lawrence of Arabia,Lawrence da Arábia,1962,Reino Unido,David Lean,216,Aventura;História;Guerra,/r0xZR5ENEc8Pp2ULhkP4lgUWk8Y.jpg,"Graças ao seu conhecimento dos beduínos, o oficial britânico T.E. Lawrence é enviado à Arábia para encontrar o príncipe Faisal e servir de ligação entre árabes e ingleses na luta contra os turcos. Com a ajuda do nativo xerife Ali, Lawrence se rebela contra as ordens de seus superiores e enfrenta uma jornada através do deserto para atacar um porto turco bem protegido.",XX,Netflix,2026-07-31
274,tt0102926,The Silence of the Lambs,O Silêncio dos Inocentes,1991,EUA,Jonathan Demme,118,Crime;Thriller;Drama,/5fCrBDJLHxywiFr19o4aOWf92VN.jpg,"Clarice Starling é uma das melhores estudantes da academia de treinamento do FBI. Jack Crawford quer que Clarice entreviste o Dr. Hannibal Lecter, um psiquiatra brilhante e também um psicopata violento, que cumpre prisão perpétua por vários atos de assassinato e canibalismo. Crawford acredita que Lecter pode ter uma visão em um caso e que Starling, como uma mulher jovem e atraente, pode ser a isca para atraí-lo.",XX,MGM Plus;MGM+;MUBI;Paramount+,2026-07-31
1891,tt0080684,The Empire Strikes Back,Guerra nas Estrelas: O Império Contra-Ataca,1980,EUA,Irvin Kershner,124,Aventura;Ação;Ficção científica,/dLGT8b4Ut10z44uYLaip4QiwKta.jpg,"As forças imperais comandadas por Darth Vader lançam um ataque contra os membros da resistência, que são obrigados a fugir. Enquanto isso Luke Skywalker tenta encontrar o Mestre Yoda, que poderá ensiná-lo a dominar a ""Força"" e torná-lo um cavaleiro jedi. No entanto, Darth Vader planeja levá-lo para o lado negro da ""Força"".",XX,Disney Plus,2026-07-31
522,tt0109707,Ed Wood,Ed Wood,1994,EUA,Tim Burton,127,Comédia;Drama;História,/n8SrO3WbyuY2b6KazogqbQF348C.jpg,"Um diretor ambicioso, porém problemático, se esforça ao máximo para realizar o seu sonho, apesar da falta de apoio.",XX,Disney Plus,2026-07-31
753,tt0062952,Faces,Faces,1968,EUA,John Cassavetes,130,Drama,/qTkhxFQ0o6DEtTtPXkv4IA5M90J.jpg,"Richard Frost (John Marley) resolveu deixar sua esposa, Maria (Lynn Carlin), para se encontrar com a jovem Jeannie Rapp (Gena Rowlands), que conheceu recentemente em um bar. Maria, por sua vez, decide ir a uma boate, onde se deixa seduzir por um garoto de programa.",XX,Sun Nxt,2026-07-31
703,tt0075686,Annie Hall,"Noivo Neurótico, Noiva Nervosa",1977,EUA,Woody Allen,93,Comédia;Drama;Romance,/u6N75JTpwdBJeQwCkNz9E05Yuj0.jpg,"Alvy Singer, um humorista judeu e divorciado que faz análise há 15 anos, acaba se apaixonando por Annie Hall, uma cantora em início de carreira com uma cabeça um pouco complicada. Em um curto espaço de tempo eles estão morando juntos, mas, depois de um certo período, crises conjugais começam a surgir entre os dois.",XX,MGM Plus;MGM+;Oldflix,2026-07-31
475,tt0061418,Bonnie and Clyde,Bonnie e Clyde: Uma Rajada de Balas,1967,EUA,Arthur Penn,111,Crime;Drama,/9xdGGc7RSe45SnfEIeQ4V7D4W7e.jpg,"Durante a Grande Depressão, Bonnie Parker conhece Clyde Barrow, um ex-presidiário que foi solto por bom comportamento, quando este tenta roubar o carro de sua mãe. Atraída pelo rapaz, ela o acompanha. Ambos iniciam uma carreira de crimes, assaltando bancos e roubando automóveis.",XX,,2026-07-31
994,tt0067800,Straw Dogs,Sob o Domínio do Medo,1971,EUA / Reino Unido,Sam Peckinpah,118,Thriller;Drama;Crime,/bozlKsBX8mvNiBUEtJRsNLFSaLi.jpg,"David Sumner (Dustin Hoffman) é um acadêmico americano muito calmo. Ele se casa com a inglesa Amy (Susan George) e, buscando fugir do estilo de vida da cidade grande, os dois se mudam para a zona rural da Cornualha, onde Amy cresceu. Ali, David não é bem acolhido pela população, sobretudo pelos homens. As provocações se tornam cada vez mais agressivas e um evento brutal poderá despertar o lado espantosamente violento de David.",XX,,2026-07-31
1092,tt0041959,The Third Man,O 3º Homem,1949,Reino Unido,Carol Reed,104,Thriller;Mistério,/B1MT9bSEfrSnCuNRDj8dRbiuY1.jpg,"Um escritor americano chega na Viena pós segunda guerra e descobre que o amigo que iria encontrá lo foi morto sobre circunstâncias misteriosas. Ao investigar o que de fato aconteceu, ele descobre uma trama que envolve o mercado negro de armas, espionagem internacional e uma sedutora jovem.",XX,Artiflix;Belas Artes à La Carte;Filmicca;Looke,2026-07-31
891,tt0074119,All the President's Men,Todos os Homens do Presidente,1976,EUA,Alan J. Pakula,138,Drama;Mistério;Thriller,/sQRe2BEOT7eqslDEUuZT23S2vAc.jpg,"Em 1972, sem ter a menor noção da gravidade dos fatos, um repórter do Washington Post, inicia uma investigação sobre a invasão de cinco homens na sede do Partido Democrata, que dá origem ao escândalo Watergate e que teve como conseqüência a queda do presidente Richard Nixon.",XX,Looke,2026-07-31
229,tt0026138,Bride of Frankenstein,A Noiva de Frankenstein,1935,EUA,James Whale,75,Terror;Ficção científica,/36ztjB1hU93NWjyUIaC8lIy3ORw.jpg,"Dr. Frankenstein (Colin Clive) e seu monstro (Boris Karloff) retornam, pois não estavam mortos como inicialmente se acreditava. O pesquisador planeja parar suas demoníacas experiências, mas quando um cientista louco (Ernest Thesiger) seqüestra sua esposa (Valerie Hobson), ele concorda em ajudá-lo em criar uma nova criatura, uma mulher (Elsa Lanchester), para ser companheira do monstro.",XX,,2026-07-31
221,tt0048545,Rebel Without a Cause,Juventude Transviada,1955,EUA,Nicholas Ray,111,Drama,/uHjEqqofwnyfByswe0ADzorC9oy.jpg,"Em Los Angeles, em 1955, Jim Stark é um jovem problemático e acaba preso por causar danos à propriedade. O adolescente então encontra alguns filhos angustiados de pais irresponsáveis, como os dele. Com eles, ele vive alianças, conflitos e disputas por questões territoriais e amorosas, culminando em uma tragédia.",XX,HBO Max;Telecine,2026-07-31
69605,tt0049966,Written on the Wind,Palavras ao Vento,1956,EUA,Douglas Sirk,99,Drama;Romance,/kVuDavlQElC2DNg1z10WYEK1ARb.jpg,"Mitch Wayne e Kyle Hadley são amigos desde criança. A irmã de Kyle, Marylee, pretende se casar com Mitch. Mas este considera a jovem praticamente uma irmã e na verdade está apaioxonado por Lucy. O problema é que Kyle também está e é ele quem acaba se casando com Lucy, antes mesmo que Mitch pudesse expressar seus sentimentos. Kyle, antes um playboy e bebedor, com o tempo passa a ter mais responsabilidade. Mas então descobre que é estéril e mergulha com tudo na bebida. Marylee, movida pelo ódio de ter sido rejeitada, sugere ao irmão que Mitch e Lucy são amantes. E quando Lucy revela estar grávida, Kyle acusa o amigo Mitch de ser o pai.",XX,Oldflix,2026-07-31
20325,tt0028333,Swing Time,Ritmo Louco,1936,EUA,George Stevens,103,Romance;Comédia,/1DoLvF7RuDyRLUZfFf8kaLHRHZM.jpg,"Um dançarino e apostador viaja a Nova York para levantar a quantia necessária para poder se casar com sua noiva. Chegando lá, ele acaba se envolvendo com uma bela dançarina novata.",XX,,2026-07-31
19542,tt0040725,The Red Shoes,Os Sapatinhos Vermelhos,1948,Reino Unido,Michael Powell,133,Drama;Romance,/3LWh4MLETNE52QkQ2MYKTrfd3v8.jpg,"No árduo mundo do balé, as garotas e dançarinos do empresário Boris Lermontov não têm folga: sua vida deve ser devotada à dança se eles quiserem continuar na carreira. A jovem bailarina Victoria Page é uma promessa, e após o sucesso do espetáculo ""Red Shoes"", parece que ela terá o mundo a seus pés, até se envolver com o compositor Julian Craster, a contragosto de Lermontov.",XX,Belas Artes à La Carte,2026-07-31
10774,tt0074958,Network,Rede de Intrigas,1976,EUA,Sidney Lumet,121,Drama,/g89b9WXmMX9Ijw752Rm2IDlpmyo.jpg,"Um locutor de noticiário de uma rede de televisão americana é demitido em razão da baixa audiência do programa. Ele então anuncia que irá cometer suicídio no ar. Por esta razão, os índices de audiência do programa voltam a crescer, ele passa a ser conhecido como o Profeta Louco, e é readmitido. Mas seu comportamento insano faz com que os responsáveis pela sua ascensão decidam detê-lo.",XX,Claro tv+;MGM Plus;MGM+;MUBI,2026-07-31
16305,tt0034240,Sullivan's Travels,Contrastes Humanos,1941,EUA,Preston Sturges,91,Comédia;Romance;Aventura,/uan1uQ3qigjKYfeo3vdd1B82dmZ.jpg,"Acostumado a dirigir filmes simples e sem grandes implicações, o cineasta John L. Sullivan decide fazer um filme sobre os problemas sociais, mas é desencorajado por seus produtores, que o acham incapaz para tal. Para provar o contrário, ele se traveste de mendigo e vai para as ruas, para viver a experiência de perto e ter contato com a realidade.",XX,,2026-07-31
37247,tt0061722,The Graduate,A Primeira Noite de um Homem,1967,EUA,Mike Nichols,106,Drama;Romance;Comédia,/3GKdYY3ARBCnRLZCds55wigCLZP.jpg,"Após se formar na faculdade, Benjamin Braddock (Dustin Hoffman) retorna para casa. Indeciso quanto ao seu futuro, ele acaba sendo seduzido pela senhora Robinson (Anne Bancroft) uma amiga de meia-idade de seus pais. Mas na verdade ele está interessado na filha dela, a bela Elaine Robinson (Katharine Ross).",XX,Claro tv+;Oldflix,2026-07-31
832,tt0022100,M - Eine Stadt sucht einen Mörder,"M, o Vampiro de Dusseldorf",1931,Alemanha,Fritz Lang,117,Drama;Thriller;Crime,/yMXURSp7WgLCOYa71L5u0oea4MW.jpg,"Um assassino de crianças deixa a cidade inteira com medo. A polícia está frenética e desesperadamente procurando por ele, prendendo qualquer um que seja minimamente suspeito. Enquanto isso, os chefes das gangues, furiosos com os ataques que estão sofrendo por causa do assassino, decidem procurá-lo eles mesmos.",XX,Belas Artes à La Carte;Looke;Telecine,2026-07-31
44494,tt0024803,Zéro de conduite : Jeunes diables au collège,Zero de Conduta,1933,França,Jean Vigo,48,Comédia;Drama,/5o8bj4JyxaNFE81NLjcVgrqWtsp.jpg,"Volta aos tempos de escola num colégio do interior, as bagunças dentro do dormitório, a punição severa, a recreação, o estudo indisciplinado e os confrontos com a administração. Um noite os garotos internos decidem se libertar da autoridade dos adultos e uma revolta arrebenta. Esta é a obra mais autobiográfica de Jean Vigo.",XX,Belas Artes à La Carte,2026-07-31
776,tt0031885,La Règle du jeu,A Regra do Jogo,1939,França,Jean Renoir,110,Drama;Comédia;Romance,/xECd1yEVbJkoMax8IyaZMmZACgU.jpg,"O aviador André Jurieux bateu recordes de vôo, mas só consegue pensar em sua amada Christine, mulher do aristocrata Robert de la Cheyniest. Jurieux consegue com um amigo um convite para a casa de campo em que o casal está dando uma grande festa de caça. Os sorrisos cordiais dos convidados escondem, porém, segredos e sentimentos, e o resultado disso é um assassinato.",XX,Belas Artes à La Carte,2026-07-31
2457,tt0037674,Les Enfants du Paradis,O Boulevard do Crime,1945,França,Marcel Carné,190,Drama;Romance,/3mcjw2A8cqRB7zOpe70vi2PuLCV.jpg,"Em uma Paris caótica do século XIX, repleta de aristocratas, ladrões, médiuns e cortesãs, o mímico teatral Baptiste está apaixonado pela misteriosa atriz Garance. Mas Garance, por sua vez, é amada por três outros homens: o pretensioso ator Frederick, o ladrão conivente Lacenaire e o Conde Edouard de Montray.",XX,Belas Artes à La Carte,2026-07-31
5156,tt0040522,Ladri di biciclette,Ladrões de Bicicleta,1948,Itália,Vittorio De Sica,90,Drama,/8hpVv2G8cXXEBp67dkcLNqrjNUs.jpg,"Desempregado Antonio Ricci (Lamberto Maggiorani) está eufórico quando finalmente encontra trabalho colocando cartazes pela cidade de Roma, destruída pela guerra. Sua esposa Maria (Lianella Carell), vende os lençóis da família para resgatar a bicicleta de Antonio da loja de penhor, para que ele possa aceitar o trabalho. Porém, o desastre ataca, quando a bicicleta de Antonio é roubada. (e 10 - Estimado 10 Anos)",XX,Belas Artes à La Carte;Oldflix,2026-07-31
27030,tt0046022,Madame de…,Desejos Proibidos,1953,França / Itália,Max Ophüls,105,Drama;Romance,/8yDsTjWI57TJtEukIa9CsQSvyd1.jpg,"Uma aristocrata vende um par de brincos que ganhou do marido e desencadeia uma sequência de eventos que fogem do controle.  A condessa Louise, em dificuldades financeiras, vende um par de brincos preciosos para o joalheiro Rémy e mente para seu marido, general André, dizendo que perdeu os brincos. O general André descobre a verdade, compra os brincos de volta e os dá à sua nova amante Lola, que está indo para Constantinopla. Lá eles acabam parando nas mãos do Barão Donati, que mais tarde conhece a Condessa Louise em Paris. Ambos se apaixonam, após o que Donati dá os brincos à condessa. Ela afirma ao marido que surpreendentemente encontrou os brincos novamente, mas ele sabe da mentira e desafia o Barão para um duelo...",XX,Belas Artes à La Carte;Claro tv+,2026-07-31
18148,tt0046438,東京物語,Era Uma Vez em Tóquio,1953,Japão,Yasujiro Ozu,137,Drama,/4HCbmramVjhtwvPzoRGXiPhu9Zk.jpg,"Um casal de idosos deixa sua filha no campo para visitar os outros filhos em Tóquio, cidade que eles nunca tinham ido. Porém os filhos os recebem com indiferença, e estão sempre muito atarefados para terem tempo para os pais. Apenas a nora deles, que perdeu o marido na guerra, parece dar atenção aos dois. Quando a mãe fica doente, os filhos vão visitá-la junto com a nora, e complexos sentimentos são revelados.",XX,Arte;Belas Artes à La Carte,2026-07-31
346,tt0047478,七人の侍,Os Sete Samurais,1954,Japão,Akira Kurosawa,207,Ação;Drama,/2f3Aw6GCzpn1qw56xq78dH0VBgn.jpg,"Um bando de bandidos aterroriza os habitantes de uma pequena cidade, saqueando-os periodicamente sem piedade. Para repelir estes ataques, os aldeões decidem contratar mercenários. Por fim, obtêm os serviços de 7 guerreiros, 7 samurais dispostos a defendê-los em troca apenas de abrigo e comida.",XX,Arte,2026-07-31
5801,tt0048473,পথের পাঁচালী,A Canção da Estrada,1955,Índia,Satyajit Ray,125,Drama;História,/2NKWR1zyAERkfF4yVlj99QKEADh.jpg,"No início do século 20, Abul é um menino pertencente a uma pobre família brâmane de um vilarejo na Índia. Seu pai, poeta e sacerdote, é forçado a deixar seus entes queridos em busca de trabalho. Uma das obras-prima do cinema mundial, inédita no Brasil e nas Américas. Este filme foi a estréia espetacular de Satyati Ray. Recuperada a finais dos anos 90, pois um incêndio destruiu os negativos originais, esta é a primeira fita, que deu origem a Trilogia de Apu. Nela se narra a comovente história de uma família de Bengali perseguida pela má sorte. O pai, Harihara, é um sacerdote mundano, curandeiro, sonhador e poeta. Sabajaya, a mãe trabalha para alimentar a uma família, que recebe com alegria e esperança a chegada de um novo filho, Apu.",XX,,2026-07-31
269,tt0053472,À bout de souffle,Acossado,1960,França,Jean-Luc Godard,90,Drama;Crime;Romance,/duTBwrPiJV75xGSzq1Xe68UCrdw.jpg,"Após roubar um carro em Marselha, Michel Poiccard (Jean-Paul Belmondo) ruma para Paris. No caminho mata um policial, que tentou prendê-lo por excesso de velocidade, e em Paris persuade a relutante Patricia Franchisi (Jean Seberg), uma estudante americana com quem se envolveu, para escondê-lo até receber o dinheiro que lhe devem. Michel promete a Patricia que irão juntos para a Itália. No entanto, o crime de Michel está nos jornais e agora não há opção. Ele fica escondido no apartamento de Patricia, onde conversam, namoram, ele fala sobre a morte e ela diz que quer ficar grávida dele. Ele perde a consciência da situação na qual se encontra e anda pela cidade cometendo pequenos delitos, mas quando é visto por um informante começa o final da sua trágica perseguição.",XX,Telecine,2026-07-31
147,tt0053198,Les Quatre Cents Coups,Os Incompreendidos,1959,França,François Truffaut,99,Drama,/wHITh5qpAZr9e9Q7mtxXYReJxt2.jpg,"Para o jovem parisiense Antoine Doinel, a vida é uma sucessão de dificuldades. Cercado por adultos insensíveis, incluindo seus pais negligentes, Antoine passa os dias com seu melhor amigo, René, tentando planejar uma vida melhor. Quando um de seus planos dá errado, Antoine acaba se metendo em problemas com a lei, o que leva a ainda mais conflitos com figuras de autoridade insensíveis.",XX,Arte;MUBI;Telecine,2026-07-31
439,tt0053779,La dolce vita,A Doce Vida,1960,França / Itália,Federico Fellini,176,Comédia;Drama,/l0IgwhbAuYIbBgm8YsHRit1Fa4L.jpg,"Roma, início dos anos 60. O jornalista Marcello (Marcello Mastroianni em desempenho memorável) vive entre as celebridades, ricos e fotógrafos que lotam a badalada Via Veneto. Neste mundo marcado pelas aparências e por um vazio existencial, frequenta festas, conhece os tipos mais extravagantes e descobre um novo sentido para a vida.",XX,,2026-07-31
4497,tt0055601,Viridiana,Viridiana,1962,Espanha / México,Luis Buñuel,91,Drama,/8GtqDStfrTC6x1JtbpuHdkwzWbu.jpg,"Pouco antes de ser ordenada freira, Viridiana faz uma visita ao seu solitário tio, que está à beira da morte. O homem, pervertido e obcecado pela sua beleza, tenta seduzi-la de todas as formas, antes de morrer repentinamente. Com a sua morte, acaba desistindo de ser freira, passando a morar na casa deixada pelo tio. Decide transformá-la em um albergue, movida pelo seu sentimento cristão de piedade e solidariedade, mas os mendigos que lá abriga, acabam lhe mostrando as verdadeiras facetas dos seres humanos. Outra obra magistral de Buñuel. Um filme maravilhoso com um roteiro cheio de irreverências, naturalismo, surrealismo, humor negro e tragédia. Uma história inesquecível, fantástica e imprescindível.",XX,,2026-07-31
797,tt0060827,Persona,Quando Duas Mulheres Pecam,1966,Suécia,Ingmar Bergman,85,Drama,/pMlIFOHnNDa3X0kSpjASn75KAYd.jpg,"Uma atriz teatral de sucesso sofre uma crise emocional e para de falar. Uma enfermeira é designada a cuidar dela em uma casa reclusa, perto da praia, onde as duas permanecem sozinhas. Para quebrar o silêncio, a enfermeira começa a falar incessantemente, narrando diversos episódios relevantes de sua vida, mas quando descobre que a atriz usa seus depoimentos como fonte de análise, a cumplicidade entre as duas se transforma em embate.",XX,Arte;Artiflix;MUBI;Oldflix,2026-07-31
8416,tt0065571,Il conformista,O Conformista,1971,Alemanha / França / Itália,Bernardo Bertolucci,114,Drama,/hkO6QSYE22vJ3uxLjvET2oA6Kt1.jpg,"Um italiano é atraído para o partido fascista quando é instruído a assassinar seu antigo professor universitário, um antifascista vocal exilado na França durante os anos 30. Baseado no romance homônimo de 1951, de Alberto Moravia.",XX,Oldflix,2026-07-31
2000,tt0068182,"Aguirre, der Zorn Gottes","Aguirre, a Cólera dos Deuses",1972,Alemanha / México / Peru,Werner Herzog,94,História;Aventura;Drama,/bHw8nN9vKn88kqgUsvZrMIiymof.jpg,"Em 1561 o conquistador espanhol Gonzalo Pizarro parte em uma expedição pelos Andes buscando a lendária cidade de El Dorado, uma lenda contada aos espanhóis pelos índios. Uma expedição de dezenas de pessoas cruzou as montanhas do Peru, e percebendo o cansaço dos soldados e escravos, Pizarro designou um pequeno grupo para explorar a região, nomeando dois nobres como líderes. Conforme buscam El Dorado, a ambição começa a crescer em Lope de Aguirre, que trai o companheiro e toma o controle do grupo para si. Em meio às intrigas, nenhum deles contava que a natureza seria o seu inimigo mais poderoso.",XX,,2026-07-31
37550,tt0075040,Pasqualino Settebellezze,Pasqualino Sete Belezas,1975,Itália,Lina Wertmüller,115,Comédia;Drama;Guerra,/pvEflI1sPqeMCZOtdVIIdnVsuhB.jpg,"Pasqualino, um homem comum italiano, abandona o exército durante a Segunda Guerra Mundial. Os Alemães o capturam e mandam para um campo de prisioneiros, onde ele faz qualquer coisa para sobreviver. Em longos flashbacks, vemos ele e sua família de sete irmãs sem atrativos (as sete belezas), seu assassinato acidental do amante de uma irmã, sua confissão e prisão, sua entrada calculada para um asilo, o estupro de uma paciente, e seu trabalho voluntário para ser um soldado e escapar do confinamento. Para desgosto de seu obeso captor alemão, seu caráter fraco e covarde lhe permite sobreviver à guerra e voltar para Nápoles, onde ele tem um plano para sobreviver a próxima catástrofe mundial. A defesa da honra, um forte valor na sociedade napolitana, e seus efeitos sobre a vida do homem comum Pasquale Frafuso.",XX,,2026-07-31
144,tt0093191,Der Himmel über Berlin,Asas do Desejo,1987,Alemanha / França,Wim Wenders,127,Drama;Fantasia;Romance,/AOVUasq9kPPNiHlAL0KJVQ7TWb.jpg,Um anjo que observa a cidade dividida de Berlim deseja se tornar um humano mortal quando se apaixona por uma bela trapezista francesa.,XX,Looke,2026-07-31
4203,tt0095675,Mujeres al borde de un ataque de nervios,Mulheres à Beira de um Ataque de Nervos,1988,Espanha,Pedro Almodóvar,89,Comédia;Drama,/jgRsg61C5ims0MtViSqesNNLaff.jpg,"Iván terminou com a namorada Pepa, uma atriz de novela, mas ela precisa encontrá-lo para dizer algo importante. Sua vida logo é invadida por uma série de distrações: sua amiga Candela pode ter se envolvido numa conspiração terrorista, e o filho de Iván acaba visitando o apartamento de Pepa.",XX,Belas Artes à La Carte;Filmelier Plus,2026-07-31
10835,tt0097202,喋血雙雄,O Matador,1989,Hong Kong,John Woo,111,Ação;Crime;Drama;Thriller,/2y5LwcvZGqgHpXLUxvs2Nj0BevE.jpg,"O assassino Jong aceita um último trabalho para juntar a quantia que falta para o pagamento da cirurgia oftalmológica de sua namorada Jennie, que ele cegou acidentalmente em uma missão. Traído por seu contratante, ele acaba tendo de juntar forças com o inspetor Li Ying, que foi designado para prendê-lo. Nasce aí uma sangrenta parceria.",XX,Looke,2026-07-31
901,tt0021749,City Lights,Luzes da Cidade,1931,EUA,Charlie Chaplin,87,Comédia;Drama;Romance,/s0T1MpsDcQCmqOTJ47zASE1PevI.jpg,"Um vagabundo amável se apaixona por uma mulher cega que vende flores nas ruas e o confunde com um milionário. Ao descobrir que ela e a avó serão despejadas, o vagabundo faz uma série de tentativas para lhes proporcionar o dinheiro de que precisam, mas todas terminam em um fracasso humilhante.",XX,Belas Artes à La Carte;Telecine,2026-07-31
10784,tt0068327,Cabaret,Cabaret,1972,Alemanha / EUA,Bob Fosse,124,Música;Romance;Drama,/gReWjFxfJzHtzufSld5GehFiUo2.jpg,"Berlim no início da década de 30. O nazismo fazia sua ascensão meteórica, mas a grande maioria das pessoas ainda não tinha noção do terrível poder que aquela força política se transformaria. Sally Bowles (Liza Minnelli), uma jovem americana que canta em um cabaré e sonha em ser tornar uma estrela, se apaixona por Brian Roberts (Michael York), que é bissexual. Ambos se envolvem com Maximillian von Heune (Helmut Griem), um rico e nobre alemão. Quando Sally fica grávida, Brian diz que quer casar e declara não se importar de quem seja o filho. Mas o futuro lhes reserva outro destino.",XX,Claro tv+,2026-07-31
11450,tt0110932,Quiz Show,Quiz Show: A Verdade dos Bastidores,1994,EUA,Robert Redford,133,História;Drama,/nx51HJyLaVAY5dk0IPIoL2v242P.jpg,"Programa de perguntas e respostas na TV, nos anos 1950, é investigado e se descobre que, visando a audiência, produtores passam a dar as respostas a um jovem de família rica, que passa a ganhar de um rapaz judeu muito mais inteligente.",XX,Disney Plus,2026-07-31
37719,tt0026778,A Night at the Opera,Uma Noite na Ópera,1935,EUA,Sam Wood,91,Comédia;Música,/hPUGLM7HYzqPa3uJ6V6HztJj0XC.jpg,"Dois amantes que gostam e trabalham com ópera estão distantes porque o homem não é bem aceito como tenor. Os irmãos Marx, então, fazem com que o tenor normal esteja ausente para o outro ter sua grande chance, através de muitas palhaçadas típicas do grupo.",XX,Belas Artes à La Carte,2026-07-31
30197,tt0063462,The Producers,Primavera Para Hitler,1968,EUA,Mel Brooks,88,Comédia,/CrFcUleJll5ocjOElGfNvntXGU.jpg,"Max Bialystock (Zero Mostel) é um produtor teatral em uma maré de má sorte, que namora mulheres idosas com dinheiro para conseguir financiamento para suas novas peças. Entretanto, Max realmente acredita ter descoberto uma grande jogada quando conhece Leo Bloom (Gene Wilder), um contador que ao conversar com ele expõe a tese de que um fracasso pode ser mais lucrativo que um sucesso, bastando que se venda o espetáculo para diversas pessoas e fazer de tudo para que ele seja um retumbante fracasso, com sua temporada durando apenas um dia, pois assim não existirá lucro e todo o dinheiro que foi investido irá parar no bolso daquele que vendeu os direitos da peça. Após uma certa relutância, Leo se une a Max para montarem o pior musical que a Broadway já viu: ""Primavera para Hitler"". História refilmada em  Os Produtores (2005).",XX,,2026-07-31
27223,tt0089504,Lost in America,Relax,1985,EUA,Albert Brooks,91,Comédia,/j7QiwUekGiYOmjKratNORIr35zg.jpg,"Um jovem casal decide largar a vida estável e sem graça que levam para se lançar em uma aventura americana. Eles compram um trailer e partem em uma viagem pelos Estados Unidos, que não sai bem como esperavam.",XX,,2026-07-31
218,tt0088247,The Terminator,O Exterminador do Futuro,1984,Reino Unido / EUA,James Cameron,107,Ação;Thriller;Ficção científica,/fo4SSoNT1ASI4JP7dOLrosWNWKa.jpg,"Em um futuro próximo, a guerra entre humanos e máquinas foi iniciada. Com a tecnologia a seu dispor, um plano inusitado é arquitetado pelas máquinas ao enviar para o passado um andróide com a missão de matar a mãe daquele que viria a se transformar num líder e seu pior inimigo. Contudo, os humanos também conseguem enviar seu representante para proteger a mulher e tentar garantir o futuro da humanidade.",XX,MGM Plus;MGM+,2026-07-31
15794,tt0042041,White Heat,Fúria Sanguinária,1949,EUA,Raoul Walsh,114,Crime;Drama;Thriller,/h5e41NdaSSYpyqrVsILlVWhwtox.jpg,"Um criminoso psicopata com um complexo-mãe (Complexo de Édipo) faz uma fuga ousada da prisão e depois lidera a sua antiga quadrilha num assalto à folha de pagamento de uma fábrica de produtos químicos. Após o assalto, os eventos tomam um rumo louco.",XX,HBO Max,2026-07-31
3085,tt0032599,His Girl Friday,Jejum de Amor,1940,EUA,Howard Hawks,92,Comédia;Romance,/zK9GxBsPGoeVTpO6cwVnvZXld7Z.jpg,Uma repórter (Rosalind Russell) anuncia que está deixando o trabalho para levar uma vida doméstica ao lado do noivo rico. Seu editor e ex-marido (Cary Grant) tenta convencê-la a mudar de idéia.,XX,Belas Artes à La Carte;Looke;Oldflix;Telecine,2026-07-31
678,tt0039689,Out of the Past,Fuga ao Passado,1947,EUA,Jacques Tourneur,97,Crime;Thriller,/knFUIyL0HCqe3Vtmmu5j3uhx3XG.jpg,"Um detetive particular foge do passado para administrar um posto de gasolina em uma cidadezinha, mas seu passado o alcança. Agora ele precisa retornar ao mundo da cidade grande, repleto de perigos, corrupção e traições.",XX,Looke;Oldflix,2026-07-31
713,tt0107822,The Piano,O Piano,1993,Austrália / França,Jane Campion,121,Drama;Romance,/5n14AvQcRIrZpmb5Wh7c6vG3XlG.jpg,"Mulher muda, acompanhada de sua filha e de seu piano, deixa sua terra natal, a Escócia, para um casamento arranjado em uma ilha ao sul da Nova Zelândia porém o relacionamento com seu novo marido não é o que ela esperava.",XX,,2026-07-31
1052,tt0060176,Blow-Up,Blow-Up: Depois Daquele Beijo,1966,Reino Unido / EUA / Itália,Michelangelo Antonioni,112,Drama;Mistério;Thriller,/7oRd8zfEGuEwWIOxPxy3JqyRPIn.jpg,"Em Londres, o fotógrafo Thomas está indo trabalhar quando decide fotografar um casal no parque. Mais tarde, a mulher fotografada bate em sua porta e exige os negativos das imagens, mas Thomas não dá. Para sua surpresa, ao revelar o material, ele descobre que pode estar diante das provas de um crime.",XX,,2026-07-31
11644,tt0082085,Blow Out,Um Tiro na Noite,1981,EUA,Brian De Palma,108,Crime;Mistério;Thriller,/tAtIuIEdzmhG32rMF92z4nHLCYh.jpg,"Jack Terry é um sonoplasta e está acostumado a diversos tipos de sons, mas um em especial muda sua vida. Ele grava um disparo comprometedor e acaba se tornando alvo do assassino de um candidato a presidente.",XX,MGM Plus;MGM+,2026-07-31
981,tt0032904,The Philadelphia Story,Núpcias de Escândalo,1940,EUA,George Cukor,112,Comédia;Romance,/tLdXrHf62eRBdcSZtOcpRuuC7bA.jpg,"Uma herdeira entediada, destinada a se casar com um executivo chato, vê seus planos de casamento frustrados com a chegada de seu ex-marido playboy. E família então gradualmente começa a perceber a importância da integridade e dos verdadeiros valores.",XX,Belas Artes à La Carte,2026-07-31
14554,tt0047849,Bad Day at Black Rock,Conspiração do Silêncio,1955,EUA,John Sturges,81,Faroeste;Drama;Crime,/ljuPEcitu5aRLRlD0W7Ma3sjypS.jpg,"1945, dois meses após o fim da 2ª Guerra Mundial. No vilarejo de Black Rock chega um idoso desconhecido, John MacReedy, que tem só um braço. Apesar da sua idade e deficiência física, sua presença incomoda cada vez mais os moradores do local, em parte por ser o primeiro visitante em 4 anos (literalmente o trem nunca parava ali) e também por ficar cada vez mais claro que todos estão escondendo algo. Quando ele diz que está procurando Komoko, um japonês, a tensão aumenta e parece que todos obedecem Reno Smith, o ""dono"" de Black Rock.",XX,Oldflix,2026-07-31
1859,tt0031725,Ninotchka,Ninotchka,1939,EUA,Ernst Lubitsch,110,Comédia;Romance,/cYsSoCtlpbX60udRMKIUdjcjzbv.jpg,"Nina Yakushova (Greta Garbo), comissária do governo soviético, é mandada a Paris para averiguar o comportamento de três representantes do governo que têm como missão negociar uma jóia. Aos poucos sucumbe ao capitalismo e a Leon d'Algout (Melvyn Douglas), um galanteador francês que está apaixonado por ela.",XX,Belas Artes à La Carte;Looke,2026-07-31
13776,tt0083833,Diner,Quando os Jovens se Tornam Adultos,1982,EUA,Barry Levinson,110,Comédia;Drama,/uWM2layvwI2JzeUfFkNJjqmMy4s.jpg,"Baltimore, 1959. Edward ""Eddie"" Simmons (Steve Guttemberg), Laurence ""Shrevie"" Schreiber (Daniel Stern), Robert ""Boogie"" Sheftell (Mickey Rourke), Timothy Fenwick Jr. (Kevin Bacon) e William ""Billy"" Howard (Timothy Dale), cinco amigos inseparáveis, tem de enfrentar que estão se tornando adultos. A responsabilidade deste novo momento em suas vidas é alternada com horas despreocupadas em uma lanchonete local. A trama se centra no retorno da faculdade de Billy, que será padrinho no casamento de Eddie. Billy é consumido por uma relação embaraçosa com uma amiga íntima, enquanto Eddie ainda vive em casa e prepara testes de futebol para sua noiva e jura cancelar o casamento se ela falhar. Há também Boogie, um sedutor com mania de jogar, e Shrevie, um viciado em música que tem problemas em seu casamento.",XX,,2026-07-31
94725,tt0100791,To Sleep with Anger,Não Durma Nervoso,1990,EUA,Charles Burnett,95,Drama,/k97OYGAbHIP6MNuOOGDUgYDnncW.jpg,"Com o tempo, ele começa a manipular os membros da família, provocando confusão e ódio.",XX,,2026-07-31
33,tt0105695,Unforgiven,Os Imperdoáveis,1992,EUA,Clint Eastwood,131,Faroeste,/kmMDDCOB8xPCrmFW7w9zqgymCWJ.jpg,"Bill Munny, um pistoleiro aposentado, volta à ativa quando lhe oferecem 1000 dólares para matar os homens que cortaram o rosto de uma prostituta. Neste serviço dois outros pistoleiros o acompanham e eles precisam se confrontar com um inglês, que também deseja a recompensa e um xerife, que não deseja tumulto em sua cidade.",XX,HBO Max;Telecine,2026-07-31
3116,tt0064665,Midnight Cowboy,Perdidos na Noite,1969,EUA,John Schlesinger,113,Drama,/95F9mJEXJNcsrlVNKQ9BwN7cXpj.jpg,"Joe Buck é um simplório jovem texano que decide abandonar seu passado conturbado e se muda para Nova Iorque, onde tentará ganhar a vida como garoto de programa para mulheres ricas. Mas sua excessiva ingenuidade o impedirá de ganhar dinheiro se prostituindo. Em uma de suas caminhadas, encontra Rizzo, um aleijado que sobrevive de pequenos golpes e furtos e com quem terá um laço de amizade. Filme baseado no romance homônimo de James Leo Herlihy, lançado em 1965.",XX,MUBI;Prime Video,2026-07-31
26748,tt0116905,Lone Star,Lone Star - A Estrela Solitária,1996,EUA,John Sayles,135,Drama;Mistério;Faroeste,/lBxY8znsRoqa9Dy2NCe8I6GPsRm.jpg,"Quando o esqueleto de seu antecessor assassinado é encontrado, o xerife Sam Deeds descobre muitos outros segredos há muito enterrados em sua cidade fronteiriça no Texas.",XX,,2026-07-31
26031,tt0058390,The Naked Kiss,O Beijo Amargo,1964,EUA,Samuel Fuller,93,Crime;Drama,/fOChacazF29zAhs2hDxyJ05XUaY.jpg,"A prostituta Kelly, traumatizada por uma certa experiência feita por psiquiatras, deixa seu passado e encontra consolo na cidade de Grantville. Ela conhece Griff, o capitão da polícia da cidade, com quem passa uma tarde romântica. Kelly encontra um emprego como enfermeira em um hospital para crianças deficientes e o trabalho ajuda-a a encontrar o seu lado sensível no cuidado e ajuda dos seus jovens pacientes. O caminho de Kelly em direção à felicidade é errado, quando ela testemunha um evento chocante, que ameaça não apenas sua felicidade, mas também sua saúde mental.",XX,Artiflix;Looke,2026-07-31
11386,tt0104036,The Crying Game,Traídos pelo Desejo,1992,Reino Unido / Japão,Neil Jordan,112,Crime;Drama;Thriller,/qVNOAUL9weaF74XWppPbmSLUeNu.jpg,"Jody é um soldado inglês seqüestrado pelo IRA, que desenvolve uma certa amizade com o guerrilheiro responsável por sua vigila. Quando Jody morre, o guerrilheiro se responsabiliza de avisar a namorada do rapaz, por quem acaba se apaixonando.",XX,,2026-07-31
12626,tt0092699,Broadcast News,Nos Bastidores da Notícia,1987,EUA,James L. Brooks,133,Comédia;Romance,/kQNR1Lc0qAF5xuBySpDn481KVjb.jpg,"m Washington D.C., a produtora (Holly Hunter) do telejornal de uma grande rede tenta manter um alto padrão de qualidade, apesar de ter que se virar de alguma maneira para aceitar o mais elegante âncora da rede, que representa tudo que ela odeia em notícia. Porém, mesmo assim ela se apaixona por ele. Quem vê tudo isto de perto é um colega de trabalho que é um ótimo profissional (mas não fotografa bem) e melhor amigo dela, além de ser por ela apaixonado, apesar de não revelar este amor.",XX,,2026-07-31
9540,tt0094964,Dead Ringers,Gêmeos: Mórbida Semelhança,1988,Canadá / EUA,David Cronenberg,116,Thriller;Terror,/kAnHux1OKvKxVKAG58xvJYiLOr.jpg,"Os gêmeos idênticos Beverly e Elliot, brilhantes ginecologistas canadenses, pesquisam a fertilidade feminina em sua clínica particular. A atriz Claire Nivean, que não tem filhos, procura auxílio na famosa Clínica Mantle. Diagnosticada por Beverly como possuidora de um útero tricervical, Claire deve perder a esperança de engravidar. O arrogante Elliot fica fascinado pelo masoquismo da atriz e dorme com ela. Como é costume deles compartilharem as pacientes, encoraja o irmão a tomar seu lugar. Os dois passam a se revezar nas visitas a Claire, mas o tímido Beverly se apaixona pela atriz e, influenciado por ela, começa a usar drogas.",XX,,2026-07-31
29353,tt0032828,My Little Chickadee,Minha Dengosa,1940,EUA,Edward F. Cline,83,Comédia;Faroeste,/bB0ewfiQCrtpdRTd5DQs3cLSigg.jpg,,XX,,2026-07-31
10331,tt0063350,Night of the Living Dead,A Noite dos Mortos-Vivos,1968,EUA,George A. Romero,96,Terror;Thriller;Ficção científica,/WPnjLV9hKP0TVZ8YJ0qWVWhUHF.jpg,"Um grupo diversificado se refugia em uma casa abandonada quando corpos começam a sair do cemitério em busca de corpos humanos frescos para devorar. O pragmático Ben faz o que pode para controlar a situação, mas quando os zumbis assassinos cercam a casa, os outros sobreviventes entram em pânico.",XX,Belas Artes à La Carte;Bloodstream;Looke,2026-07-31
762,tt0071853,Monty Python and the Holy Grail,Monty Python em Busca do Cálice Sagrado,1975,Reino Unido,Terry Gilliam,91,Aventura;Comédia;Fantasia,/7SHgyPFa2OhvkapxrEXLxtx5rhO.jpg,"O Rei Artur sai à procura de cavaleiros que o acompanhe em uma atabalhoada jornada histórica: A busca do Santo Graal. Aparecem então Sir Lancelot, o Bravo; Sir Robin, o Não-Tão-Bravo-Quanto-Sir-Lancelot; Sir Galahad, o Puro, entre outros personagens surreais.",XX,,2026-07-31
3059,tt0006864,Intolerance: Love's Struggle Throughout the Ages,Intolerância,1916,EUA,D.W. Griffith,197,Drama;História,/kNXtfmgP8u6FJspaVjUvT0TfuHe.jpg,"A intolerância vista e analisada em quatro diferentes estágios da História: na Babilônia, onde uma garota vê-se entre o ódio religioso, levando uma cidade à ruína; na Judeia, onde os hipócritas condenam Jesus Cristo; na Paris de 1572, no Massacre da Noite de São Bartolomeu; e, finalmente, na América, onde reformadores acabam com a vida de um jovem casal.",XX,Belas Artes à La Carte,2026-07-31
136,tt0022913,Freaks,Monstros,1932,EUA,Tod Browning,64,Drama;Terror,/ujTGsie0k5JEq6p7AnBdzw6RGIF.jpg,"Em um circo de atrações bizarras, a linda trapezista é cortejada pelo anão mas o rejeita até descobrir que ele herdou uma fortuna. Planeja então, casar para depois envenenar o marido mas logo a armação é descoberta e os diferentes se unem pela vingança.",XX,Bloodstream,2026-07-31
